--------------------------------------------------------------------------------
-- Up
--------------------------------------------------------------------------------

CREATE TABLE User (
  id   INTEGER PRIMARY KEY,
  name TEXT    NOT NULL,
  email TEXT NOT NULL,
  googleUserID TEXT,
  password TEXT,
  salt TEXT,
  userImage TEXT
);

CREATE TABLE Region (
  id              INTEGER PRIMARY KEY,
  name            TEXT    NOT NULL,
  longitude       FLOAT NOT NULL,
  latitude        FLOAT NOT NULL,
  radius          FLOAT NOT NULL,
  parentRegionId  INTEGER,
  CONSTRAINT Region_fk_parentRegionId FOREIGN KEY (parentRegionId)
    REFERENCES Region (id) ON UPDATE CASCADE ON DELETE CASCADE
);

CREATE INDEX Region_ix_parentRegionId ON Region(parentRegionId);

CREATE TABLE Post (
  id          INTEGER PRIMARY KEY,
  userId      INTEGER NOT NULL,
  longitude   FLOAT NOT NULL,
  latitude    FLOAT NOT NULL,
  regionId    INTEGER NOT NULL,
  title       TEXT NOT NULL,
  content     TEXT NOT NULL,
  upVotes     INTEGER NOT NULL DEFAULT 0,
  downVotes   INTEGER NOT NULL DEFAULT 0,
  timeCreated TIMESTAMP NOT NULL DEFAULT CURRENT_TIMESTAMP,
  image       TEXT NOT NULL,
  CONSTRAINT Post_fk_userId FOREIGN KEY (userId)
    REFERENCES User (id) ON UPDATE CASCADE ON DELETE CASCADE,
  CONSTRAINT Post_fk_regionId FOREIGN KEY (regionId)
    REFERENCES Region (id) ON UPDATE CASCADE ON DELETE CASCADE
);

CREATE INDEX Post_ix_userId ON Post (userId);
CREATE INDEX Post_ix_regionId ON Post (regionId);

CREATE TABLE Upvote (
  userId    INTEGER NOT NULL,
  postId    INTEGER NOT NULL,
  vote      TINYINT NOT NULL,
  PRIMARY KEY (userId, postId),
  CONSTRAINT Upvote_fk_userId FOREIGN KEY (userId)
    REFERENCES User (id) ON UPDATE CASCADE ON DELETE CASCADE,
  CONSTRAINT Upvote_fk_postId FOREIGN KEY (postId)
    REFERENCES Post (id) ON UPDATE CASCADE ON DELETE CASCADE
);

INSERT INTO Upvote (userId, postId, vote) VALUES (29, 1, 1);
INSERT INTO Upvote (userId, postId, vote) VALUES (10, 1, 2);
INSERT INTO Upvote (userId, postId, vote) VALUES (28, 1, 1);
INSERT INTO Upvote (userId, postId, vote) VALUES (27, 1, 1);

INSERT INTO Upvote (userId, postId, vote) VALUES (25, 2, 2);
INSERT INTO Upvote (userId, postId, vote) VALUES (28, 2, 1);

INSERT INTO Upvote (userId, postId, vote) VALUES (200, 3, 1);
INSERT INTO Upvote (userId, postId, vote) VALUES (201, 4, 2);

INSERT INTO Upvote (userId, postId, vote) VALUES (202, 4, 1);
INSERT INTO Upvote (userId, postId, vote) VALUES (203, 4, 2);

INSERT INTO User (id, name, email, googleUserID, password, salt, userImage) VALUES (1, 'BenAllen', 'ben@example.com', '', 'd69202dab7983f73db4bd15e2fc10cb0b0683d573651c5b0753eef04613a4de9', 'e5614448', 'test1.jpg');
INSERT INTO User (id, name, email, googleUserID, password, salt, userImage) VALUES (2, 'NickPearson', 'nick@example.com', '', '099c63bace046d961b6f51ffe5e8c6e53a25ee46764a1574612ad677031eef8b', '71918438', 'test2.jpeg');

INSERT INTO Region (id, name, longitude, latitude, radius, parentRegionId) VALUES (0, 'Global', 0.0, 0.0, 620000000.0, NULL);
INSERT INTO Region (id, name, longitude, latitude, radius, parentRegionId) VALUES (1, 'UK',       -3.630476, 55.058412, 619000.0, 0);
INSERT INTO Region (id, name, longitude, latitude, radius, parentRegionId) VALUES (2, 'Bristol',  -2.597844, 51.465180,  10000.0, 1);
INSERT INTO Region (id, name, longitude, latitude, radius, parentRegionId) VALUES (3, 'Stoke Bishop', -2.636016, 51.478897, 1582.0, 2);
INSERT INTO Region (id, name, longitude, latitude, radius, parentRegionId) VALUES (4, 'City Centre',  -2.599948, 51.455781, 2016.0, 2);
INSERT INTO Region (id, name, longitude, latitude, radius, parentRegionId) VALUES (5, 'Frenchay',     -2.549691, 51.504021, 3342.0, 2);
INSERT INTO Region (id, name, longitude, latitude, radius, parentRegionId) VALUES (6, 'Swaffham',     0.7351981, 52.668347, 3342.0, 2);

INSERT INTO Post (id, userId, longitude, latitude, regionId, title, content, upVotes, downVotes, image) VALUES (1, 1, 0, 0, 4, 'Latest iPhone is..', 'Apple may not have announced the lates iPhone but words is that’s it got 3 cameras and 2 screens. It even has a special horn on it that makes people move out the way when you are in busy crowds.', 3, 4, 'data:image/png;base64,iVBORw0KGgoAAAANSUhEUgAAAtoAAAEsCAYAAAD9zRSqAAAgAElEQVR4Xu3dCbQtRX3v8W+BIAioCEiMBhUciDjjhMYBn8aoqKghipjgFF1R44xGnwL6HJ6KUYnkxRGjYpwSH47xxfE9p2jA6NOoRFGUJAQRcUIFpbL67n2u5x56qO7d3btr72+vdZcJp7r6X5/qddfv9K3uCngooIACCiiggAIKKKBA7wKh9x7tUAEFFFBAAQUUUEABBTBoexMooIACCiiggAIKKDCAgEF7AFS7VEABBRRQQAEFFFDAoO09oIACCiiggAIKKKDAAAIG7QFQ7VIBBRRQQAEFFFBAAYO294ACCiiggAIKKKCAAgMIGLQHQLVLBRRQQAEFFFBAAQUM2t4DCiiggAIKKKCAAgoMIGDQHgDVLhVQQAEFFFBAAQUUMGh7DyiggAIKKKCAAgooMICAQXsAVLtUQAEFFFBAAQUUUMCg7T2ggAIKKKCAAgoooMAAAgbtAVDtUgEFFFBAAQUUUEABg7b3gAIKKKCAAgoooIACAwgYtAdAtUsFFFBAAQUUUEABBQza3gMKKKCAAgoooIACCgwgYNAeANUuFVBAAQUUUEABBRQwaHsPKKCAAgoooIACCigwgIBBewBUu1RAAQUUUEABBRRQwKDtPaCAAgoooIACCiigwAACBu0BUO1SAQUUUEABBRRQQAGDtveAAgoooIACCiiggAIDCBi0B0C1SwUUUEABBRRQQAEFDNreAwoooIACCiiggAIKDCBg0B4A1S4VUEABBRRQQAEFFDBoew8ooIACCiiggAIKKDCAgEF7AFS7VEABBRRQQAEFFFDAoO09oIACCiiggAIKKKDAAAIG7QFQ7VIBBRRQQAEFFFBAAYO294ACCiiggAIKKKCAAgMIGLQHQLVLBRRQQAEFFFBAAQUM2t4DCiiggAIKKKCAAgoMIGDQHgDVLhVQQAEFFFBAAQUUMGh7DyiggAIKKKCAAgooMICAQXsAVLtUQAEFFFBAAQUUUMCg7T2ggAIKKKCAAgoooMAAAgbtAVDtUgEFFFBAAQUUUEABg7b3gAIKKKCAAgoooIACAwgYtAdAtUsFFFBAAQUUUEABBQza3gMKKKCAAgoooIACCgwgYNAeANUuFVBAAQUUUEABBRQwaHsPKKCAAgoooIACCigwgIBBewBUu1RAAQUUUEABBRRQwKDtPaCAAgoooIACCiigwAACBu0BUO1SAQUUUEABBRRQQAGDtveAAgoooIACCiiggAIDCBi0B0C1SwUUUEABBRRQQAEFDNreAwoooIACCiiggAIKDCBg0B4A1S4VUEABBRRQQAEFFDBoew8ooIACCiiggAIKKDCAgEF7AFS7VEABBRRQQAEFFFDAoO09oIACCiiggAIKKKDAAAIG7QFQ7VIBBRRQQAEFFFBAAYO294ACCiiggAIKKKCAAgMIGLQHQLVLBRRQQAEFFFBAAQUM2t4DCiiggAIKKKCAAgoMIGDQHgDVLhVQQAEFFFBAAQUUMGh7DyiggAIKKKCAAgooMICAQXsAVLtUQAEFFFBAAQUUUMCg7T2ggAIKKKCAAgoooMAAAgbtAVDtUgEFFFBAAQUUUEABg7b3gAIKKKCAAgoooIACAwgYtAdAtUsFFFBAAQUUUEABBQza3gMKKKCAAgoooIACCgwgYNAeANUuFVBAAQUUUEABBRQwaHsPKKCAAgoooIACCigwgIBBewBUu1RAAQUUUEABBRRQwKDtPaCAAgoooIACCiigwAACBu0BUO1SAQUUUEABBRRQQAGDtveAAgoooIACCiiggAIDCBi0B0C1SwUUUEABBRRQQAEFDNreAwoooIACCiiggAIKDCBg0B4A1S4VUEABBRRQQAEFFDBoew8ooIACCiiggAIKKDCAgEF7AFS7VEABBRRQQAEFFFDAoO09oIACCiiggAIKKKDAAAIG7QFQ7VIBBRRQQAEFFFBAAYO294ACCiiggAIKKKCAAgMIGLQHQLVLBRRQQAEFFFBAAQUM2t4DCiiggAIKKKCAAgoMIGDQHgDVLhVQQAEFFFBAAQUUMGh7DyiggAIKKKCAAgooMICAQXsAVLtUQAEFFFBAAQUUUMCg7T2ggAIKKKCAAgoooMAAAgbtAVDtUgEFFNgQiHBX4B7z////BPiIOgoooIAC6yFg0F6PeXaUCigwskCEKwLfAK615dLnAQcEuHTkkrycAgoooMDIAgbtkcG9nAIKrIdAhHcAR1WM9n0B7rMeEo5SAQUUWF8Bg/b6zr0jV0CBAQUixLruA/j374D+dq2AAgpMQcC/6KcwC9aggAIrJRDhTsAnGgZ1UICzV2rgDkYBBRRQYAcBg7Y3hAIKKNCzQNPT7PnlvhTgZj1f2u4UUEABBSYkYNCe0GRYigIK5C8QYRfgkpSRuHwkRck2CiigQL4CBu18587KFVBgggIRTgMeklja7QN8JrGtzRRQQAEFMhMwaGc2YZargALTFkhcNrIxiAsC7DftEVmdAgoooEBXAYN2VznPU0ABBUoEKoL224AHl4G5fMTbSAEFFFhdAYP26s6tI1NAgZEFIjwQeFfJZa8CHMFsWcnW4/cCfGjkUr2cAgoooMAIAgbtEZC9hAIKrIdAhG8B19k62o2n1lXLSnyqvR73h6NUQIH1EzBor9+cO2IFFBhIoCJInx9g/+KSEX4M7FkVxAcqy24VUEABBZYkYNBeEryXVUCB1RKIsBvws5JR/VGAN8+D9mHAp0vaPD7AKasl4mgUUEABBQza3gMKKKBADwIRngc8p+lptctHesC2CwUUUCATAYN2JhNlmQqsk0CEQ4DHABcONO6rzfvts/8TKmo9GvgBcNH8fz8IHFjSducAlw00XrtVQAEFFFiCgEF7CeheUgEFfi0QZ2uWizD6aOBW2iQJFIF8c3jfCPHF/+4EnAW8KcB5Sb3ZSAEFFFBgEAGD9iCsdqqAAmUCEQ6eh+p7A4eqNKrAW4rwDXw4bHsv00MBBRRQYGgBg/bQwvavwJoLRCj+nnkD8LA1p5ji8M+Yh+83h9kTcg8FFFBAgR4FDNo9YtqVAgr8WmAesF8HPEKXrAR+Og/fxdKTz2ZVucUqoIACExMwaE9sQixHgdwFDNi5z2Bl/R8H/hp4R4CLV3aUDkwBBRToUcCg3SOmXSmwzgI9Bez3Aq8GPjjFL3BEeBbwgtR5rtvxMcI7gd8v6av4ROAuwFWBvSv+d4/UGgZuV7xsWaz7fk2Abw58LbtXQAEFshMwaGc3ZRaswLQE5gG7CI0PbFnZpEP11rFEeCHwzDZjbAjaRVj+SUl/7w7wgDbXKWsb4bbAscAfAWMH8/fMn36/N8Cli47F8xVQQIFcBQzauc6cdSswAYEI+wBfA/ZNLKdYevDwnL56EWdPlju9KFgXtAuvis1rLgqzJ9m9H3E2T8WnFIvwPfanFL8FvBg4NcAlvQ/ODhVQQIEJChi0JzgplqRALgJVuxyW1J9dwJ4H4eIp/bsa5uOfgZuXtekYtIvPtIz2d3OcfXf7v83D90NHuvf+H3CfAD8c6XpeRgEFFFiKwGh/mS9ldF5UAQUGE4izT/Y9vOECuQbs4u/G4gnstRvG94IAz+66rXrX8wab1E0dRzgA+MN5AL/BgNe8X4BiqYmHAgoosHICBu2Vm1IHpMDwAhHuAnys5kpZBuxiPBF2Ay5IWNd8j/nmL5d1Dcxdzxt+hsuvEGFX4Ij52u/79lzHR4EH+JS7Z1W7U0CBpQoYtJfK78UVyE9gHrZ+UVF58Q3mvXJag711HC2Ww6RM3s51X0/JLWhXDTjCb8/Dd/Hy5W+kwDS08Sl3D4h2oYACyxcwaC9/DqxAgawEIrwSeEJF0TtlHrL/hVloHOoovjJS7Mb4cuB9wC/LLjTmGu2hBhphz/nnC4sXLw/veB2fcneE8zQFFJiGgEF7GvNgFQpkI1DzxPe6Ab6dzUDmhUY4DCheAnzsVGpfhaC91TLC7sBrgWM6OvuUuyOcpymgwPIEDNrLs/fKCmQpUBG0zw5wUE4Dmge/4unykE+wu5CcE+A6XU7M5Zw4e8JdPK3ucviUu4ua5yigwFIEDNpLYfeiCuQrUBG0Tw7wxJxG1fNa7D6H/pUAN+6zw6n25VPuqc6MdSmgQF8CBu2+JO1HgTURqAiox4bZVtxZHBGK7zj/Todii7XVxRbsFzL78sqfMfsM3sEd+mp7ymXMtjk/G/ju/Ksvb5viVvVtB1a09yl3FzXPUUCBqQsYtKc+Q9anwMQEKoL2jQN8ZWKllpYT4QTgxMRatwXrAN/faB9nOyp+PvH8oZsVG75cJ8BFQ19orP57eMpd/MvKq1blF5Cx3L2OAgoMI2DQHsbVXhVYSYEIVwKKT/htPWo/YzcVjAgpOz0W5V4tlGy7HuHD810UpzKkoo7vBbj6lArqq5YFnnJ/Dyhezi27V/sqz34UUECBRgGDdiORDRRQYEMgwu8CH9oqksNXMubfei4+39d0HBhmu0JuPyLcCfhE04lL/PktAhRbwa/k0fEp908C7LWSIA5KAQWyETBoZzNVFqrA8gUiPBN4YW5BO8LV2LT8o0byNmHTspAIu8zXRf/W8vXrK8jhl50+DFs+5b5+gG/0cV37UEABBboIGLS7qHmOAmsqEOHdwJE5Be0IOwG/SpiyIwOcvtEuwgOAv004r67Jccy+Lb7tT5ht7b7tiLOvtLxiwf43n/6KAE/usb9Jd5X6lHtdfgGZ9GRZnAJrLGDQXuPJd+gKtBWIUKx93TezoB0TxvmEAH8xD8BXBoqXDFOOQwOc2WUr9Qh/DRS7JrY9Hg6cWnHSvptf3Gzbca7tG55yHx7g47mOzboVUCBvAYN23vNn9QqMKhBnn7Xbe8tFLw6wx6iFJF4s8TN+bw/w4HnILp4I/3lC9+8KcNRGu45B+0vATcp+aYlwLPDGmjq+CNys7Ofr+gQ3wq2Bz2mScPfaRAEFRhMwaI9G7YUUyF+gS6Bc1qgTP+N3SYArRvhN4N8Sa712gO9sbtvFpemcCMXfz8W3s9sexwR4a9uTVqF9zSZETw1pv0CtAoNjUECBCQkYtCc0GZaiwNQFmsLhVOpP/Yxf8fQ3winAYxNqf36A55S16+JScc7Xw6bNb+YvY15SUdtpwDEVP7tGgPMSxrRSTSLsB5xfMaidwral8R4KKKDAeAIG7fGsvZIC2Qt0CZRjD7rFZ/yKUFbstFisyW469gmzZTOlRxeXinOKnR6P3nyRCLcHPtVU4JafnxrgES3PWYnmEYplNTctGcz7AxyxEoN0EAookI2AQTubqbJQBZYv0CVQjll1i8/43ZHZNuxNxyNC9YuH28/t4lJxztMDvHRrUXG2FGSHAN5Q+HcCXLtpcKv48whXBH5eMbZiF81zVnHcjkkBBaYpYNCe5rxYlQKTFOgSKMccSM0a3c1l/PdiW/WGuoodBYun2L9Iqb+LS8U5dw+z3ScvdySObeO8fw1wg5TaV7FNhFcDjy4Z25vC7EVTDwUUUGAUAYP2KMxeRIHVEOgSKMcaeYQTgRMarveRhC3UK8NuVd9tXWq+7b1HgIsrgvY1gXMTPV8f4FGJbVeyWcWcFN8yv+5KDthBKaDAJAUM2pOcFotSYJoCbQPlmKNIeOJbrLEudoisOopNZQ4KHb700dYlzj7rV3zeb4ej6dN8LTa5eWKAk8f0n9q1KubkCwFuObVarUcBBVZXwKC9unPryBToXaBtoOy9gJoOE4J2XTlPCvDKrvW2dan6TnZT0C7qSxznXQJ8out4VuG8CqcXBXjWKozPMSigQB4CBu085skqFZiEQNtAOVbREf6U7k9w7xjgk4vU2tYlzrZeL7Zg3+FIDNq7AFWf/Nvob88AxTrztT0q5uS+Ad67tigOXAEFRhcwaI9O7gUVyFegbaAcY6QR9gR+3PFavxngPzqeu/20ti4R/i9QfPmkddAuTmj65F9KYF90zFM+v2YN/H4BLphy7damgAKrJWDQXq35dDQKDCrQNlAOWsy888SlFGWl7Brg0j5qbOsSZ78YFL8gdAra87Bd+ck/g/a2ddhnLOLbx31hHwoooIBB23tAAQWSBdoGyuSOOzasWoLR0N1ZAW7Y8ZKlp7V1qWh/foD929RV80vGZ8Jso5u1PCI8DniVQXstp99BKzApAYP2pKbDYhSYtkCEzwO3mkKAiXBb4LMtxV4e4Cktz2ls3talIiD/fYB7Nl5sU4MIHwUOrzjnbgGKzxmu3RHhbcCDpnCfrh2+A1ZAgR0EDNreEAookCwQ4STgqSUnHBLgX5I7WrBhhN2An7Xs5qgA72p5TlLzCM8Fji9pfOcwW4+9w9HXFzGqlqBsutjuoXqXxKSx5dio7b8w5DhGa1ZAgTwEDNp5zJNVKjAJgZqXzH4Q6r9R3Wv9HdZl3yjAV3stIi08U7ZeuqL+1r8IpDis23rtmuVE3wxwvSHvAftWQAEFtgoYtL0nFFCglcCynxZ2WJd95dD9qyTJNhG+Tvm255d76bLC8HoBvpl6wQj7At9LaP+cAM9PaJd9k4blRHcI8OnsB+kAFFAgKwGDdlbTZbEKLF8gwl0pX/s7+G6Ebddlj/k0N8IBwDklM/SWAH+48d8jXAv4bslTj1Z/H0d4I3Bs4h1R7Hh5dmLbLJs1LCdq/aJplggWrYACkxNo9Rf75Kq3IAUUWIrAMp5qt1yX/f4AR4yNk+IS4b7A6T0E7dhyfL19zrDldUdp3rCMZqew7fPjHgoooMC4Agbtcb29mgIrIRDh48CdSwazR4CLhxhkynrk+XVPC/DQIWpo6jPOvmjyspJ221+KjHAicMIiQTvCzsAvS65zKvDwijpPCnBc0xhy/HnDcqLrBvh2juOyZgUUyF/AoJ3/HDoCBUYXiLPvPZ9XcuF3B3hA3wW1WZc95nKRsnE2PdWOs6fZxVPtHY42dUd4JvDCkutfGSj+nFvysx8FuErfc7Ps/hqWEz0uwF8uu0avr4AC6ytg0F7fuXfkCiwk0BQoF+p808kRbgd8JrW/NoE1tc827WpeitwtwC962hWydBnExtjHmps2LkO0bVhOdE6A6wxxXftUQAEFUgUM2qlStlNAgR0EqpZAAL19UzvCLsAlLejPCCUb6rQ4f+GmNS9FbvvUX0UIbrVbZUUf23eDXKOgXbfu2nXZC9/NdqCAAosKGLQXFfR8BdZUYIxvakf4T+DqLYhPDvDEFu0HaVqznvyLwM1KLvqSAM9IKSbC/YG/K2l7cJh9YrB466/2iXfKdabexnXZU58h61NAgULAoO19oIACnQWGDHQRbg58oWVxxwZ4U8tzem8e4YG024Vy27KSlEIi/AC46ta2m5fMDDkvKTUO3cZ12UML278CCvQlYNDuS9J+FFhDgSG/qd3iKyOb5W8c4CtTmIoIFwJ7p9TSZl15hcuFAfbZuNYqB+04e6HzogpX12Wn3HC2UUCB0QQM2qNReyEFVlNgiFAX4eXAkzqI7Rzgsg7nLXxKhN9h9sWVH/Hr7ej/NKHj0wMcmdCuWA9yCPDlkrZHhk3f5h5iTlLqG7pNnC0jKpYTVR2uyx56EuxfAQVaCRi0W3HZWAEFtgr0/U3tOHsye0EX6TZPhrv0X3bOPPwVuy7usUCf7wf+oOkb5KkBOrXdAvWOfmqcfUHkWzUX9nvZo8+KF1RAgSYBg3aTkD9XQIFagZpvan8nwLXb8nVcMrLtMmMH7YZlDG2HXrQvXmK8UYCvlfxC8z7g3mWdbh33qgXtCLcEzqgBPTHAc7uAe44CCigwpIBBe0hd+1ZgTQRqwvHdA3w4lSHC0cBbE9p/Cbjp1nZjBu0BQvbW4TwnwPPn6fshwGkVLrcN8LnNP1uloB3hcOCjNffEPwe4RcI9YxMFFFBgdAGD9ujkXlCB1ROI8EjgdRUj2z3Az5tG3bD5yNbTz6HkaflYQTvCFUkYU9OYE37+78ARwJlVbcvGvCpBO0LdLxgFyXsC3C/B0SYKKKDAUgQM2kth96IKrJ5A3ZKPlAC8yJKRueYvAuw2hmyElwJPG+NaDdfYNcClW9usQtCOULxIenLN+F8T4DETmANLUEABBSoFDNreHAoo0ItAwxPpp4TZl0RKjwiV649bFPepMPvyx+BHzaf7TgpwXGrwXbDQGwT417I+cg/aEZ4HPKfG588CvHhBP09XQAEFBhcwaA9O7AUUWB+BCHcD/qFixPsHOL8khDYtD0gFHG1XyDZBNsJe80/+pY4jpd0xoWYte5v6Ui42Zps4W4te3BNVx6MCvH7MmryWAgoo0FXAoN1VzvMUUKBUIM5ezLt12Q9Lvo5xfeCsnihH2xUywg+BK2+p+0dhtpnKDkeEv6J8iUPxhP/JHcb+1gDH1J2Xa9COs5cei5cfq457BfhgBzNPUUABBZYiYNBeCrsXVWC1BWrWW78uwB9vjL5hXfauwCUtpEbbFbJNkK1r22Wt9yLr3VPObeHda9OKX142X+MOAT7d60XtTAEFFBhYwKA9MLDdK7COAhEOAr5RMfZDA5wZ4W3AgyrabFt/3PIFydF2hYzwKuBxW2o/JcDjt46nYgzbd4NsGbZLX35MvObo3xlPvfcT5vmGob9/+Ugty3YKKKDAwgIG7YUJ7UABBcoEIpwEPLVC5wrALyt+tn39cUIA297FmE9rI9wW+OyW+m8X4B83/7c4e3r/mpJxHhDguxv/PTFsnxng0JS7rc0T95T+hmoTYZeEf7W4VoB/G6oG+1VAAQWGFDBoD6lr3wqsuUBNUC5eirx6Cc/nA9xmUwAtdkpMOuqCdoSbAA8Eio1uiu3Svxngx0kdVzSaf+P5XvMff6Ds5cQ2gTfCucA1a2p6ZIA3pNTc5rop/fXdJs7Wt78d+L2Gvq8S4Ed9X9/+FFBAgbEEDNpjSXsdBdZQIMLewIWpQ0/dSrysv83nzreFf0bHlw2L7i8rwvg8lH9/vhnPx8Nsi/TkoyLwnhvgtzZ30rAxy0+BN5YtS6kqZKpBO8JdgI8lAiZtdJTYl80UUECBpQgYtJfC7kUVWB+BhN39tmOUBO0vADdP1CrWTV9ujXTiuW2aFRvV/EVoeFEzwsHAV0s6vluAj2z89wi1X17psiRmSkE7QrFM6BUla9rrzEdbb99m4m2rgAIKtBUwaLcVs70CCrQWiHAesH/DiX8SZp/C235EOAp4R+sLjndCsRTlcQE+ufWSET4P3Grrf9/y5L1pjXLSy48l1y598t4ltHelnP+iUbjs06aPMWtsU5dtFVBAgS4CBu0uap6jgAKtBCLsXPPy47a+qgJWhO8B+7a64PIavwkodi38j5Snyg0ve1bu/Ng0vJRrN/XR9ecRngK8rMP5rwqzbdc9FFBAgZURMGivzFQ6EAWmLRDhlsAZVVXWBO3i76lizfQqHMcH+B/FQBq2na/d+bEJYuygHWE/4H1sepG1qcZNP38/8OAAP2lxjk0VUECBLAQM2llMk0UqsBoCcbYMpFgOUnbcJMCXy34Q4TrAtzoq/Dnw4s3bv0fYidkLiQeW/Cm+Ad5quUOLuu4a4GMN69Ybd35sut5YQTvC/YD/3VRPxc//IMA7O57raQoooEAWAgbtLKbJIhVYHYGG5RKvDfDoirD9WOCUBInLBeuEc2qbzF9YfNH8E4GLdld7fh9rlIcM2hF2Y/aZwaM7QJxVbLEe4N87nOspCiigQHYCBu3spsyCFchbIM6+i7xXwyh22NBlo22EbwPXrjl3vwAXDC0U4UjgpcD1er5Wp5cft9YwRNCOs81yPsfsXwPaHicGeG7bk2yvgAIK5C5g0M59Bq1fgcwEWuz2uH0986agXbteu4+nwW05I+wx3wGzjyD55DD7FN5CR19BO257R5XnAc/uUNCvik8zVi0H6tCfpyiggALZCRi0s5syC1Ygb4EIP2S2M2DqcbUAP9gUtus2jXllgCeldjxEuxa/SNRd/qEBTuta36JBO87Wrxff+i6+8d32eAtQ7GJ5SdsTba+AAgqsmoBBe9Vm1PEoMHGBjkH0UQFeXwwt4fzbBfjHZTBEuBJQ7OTY13HPAH/ftrO2QTvCFZl9FeaR8z9tL1m0v3eAD3Q50XMUUECBVRUwaK/qzDouBSYqULWRS2K5uwM/S2i7Z+g38NZeMsJN558uLHZBHOJo9ctDzS8j7wIOA67ZU5HFLzTFLwPb/8Whp37tRgEFFFgJAYP2Skyjg1AgH4EIJwAnjlDxEcA35sH85xv/G+DSvq4d4U+Av+zQ32eB+wBF8L1zi/N/O8DXNtpvehJdhOeNP32F6Lqynhjg5BZ121QBBRRYSwGD9lpOu4NWYHkC8xfs/ha4//KqWNqVi3XLxVdXNoJ/8XS+CP43Aoqn9VM+iq+5HBZmv7x4KKCAAgokCBi0E5BsooACwwhEuBmzr2zcZZgr2GsPAsWT6+JrKKuyO2cPJHahgAIKpAkYtNOcbKWAAgMLRNiV2RdDXjzwpew+TeAOAT6d1tRWCiiggAJlAgZt7wsFFJikgE+7B5+WYvOZz2z8CfCdwa/oBRRQQIE1EzBor9mEO1wFchSIcAvgzBxrn1DNRwY4fUL1WIoCCiiw8gIG7ZWfYgeowOoIxNkn+4pvVfd9nAf8RodOixcEiy+IXBc4pOT87zP7RnXxouPOHfrv85Tr+yJjn5z2pYACCjQLGLSbjWyhgAITEYhwPNDHVueLjmiH7eHj7EXBy/19OsSW8F0/KThELYsier4CCiiw6gIG7VWfYcenwAoJRLg98KklDuk2AT6/9foVG8ScG2ZbmQ9yRHgJcFxq5wbtVCnbKaCAAv0JGLT7s7QnBRQYWGD+De6qz8w9e/5t7kN7LqNYGnKPMPv+9eWOCAcDXy350d0CfKTnWnbobu7xdeD6TdcxaDcJ+XMFFFCgfwGDdv+m9qiAAgMK1Gwv/tUw2/hl+xHhQOAo4MHAzVuWtcPykKpzq7aUHzPYRngE8PqG8e0W4BctDWyugAIKKEzy28UAAA4iSURBVLCAgEF7ATxPVUCB8QVqgnZRzP4Bzq8JxcXLiVdrqLp0eUhNn7HsZ2MG7eL6EW5FybKWLbUdEOC748+aV1RAAQXWU8CgvZ7z7qgVyFagIWgXbyTW/r0WZxviPL0B4AoBftWEFGGv+ZbqW5smPQ1v6r/tzyNcFfhBw3n3CvDBtn3bXgEFFFCgvYBBu72ZZyigwBIFIpwLXLOmhJsG+P91JUa4J/CBhmFcI0Dx2b/KI8JfAY8pabC0ZRpNv4jMaz0hwPOWOI1eWgEFFFgLAYP2Wkyzg1RgdQQivBE4tm5ETU+1i3Pj7IsgTbsh1j79rQq1KdcfakYSg3Zx+U8GuONQddivAgoooEDDP7EKpIACCkxNIMJDgTc31HWfAO9rqj3CLsAlDe1eEuAZZW0qQu3pAY5suvZQP28RtDdKWNrT96EM7FcBBRSYioBPtKcyE9ahgAJJAonrkBvXam++WIR3zL9OUlXDeQGuseWcPwZeU3LCUl847BC0iyEsteakibeRAgookKGAQTvDSbNkBdZdIDFMHhfgpFSrxE/k7R3goqLPMXeDTB3DvK6yr6AcA5zW0I8vSbaBtq0CCiiQIGDQTkCyiQIKTEsgMWgXRe8e4Oep1Ue4CfClhva3DvBPy9gNMmUcFXUVG9qcTfOXVHxJMgXZNgoooECigEE7EcpmCigwHYEWQbvVEpL5E+GqT/ZtBnhpxfbng+8GWTcLEfYEfry1zeaXMyOcCjyspp8zwuyb3B4KKKCAAgsKGLQXBPR0BRQYXyDCD4ErJ175HQEelNh2e7MIZ6Vsbb6532V+bWT+S8Idiq+J1AXtebumnSQvDrBHWzPbK6CAAgrsKGDQ9o5QQIHsBCLcH/i7FoU/MLRrv63rCMcDz029zgSC9qOBVzcF7fnYmnaSfGSAN6SO3XYKKKCAApcXMGh7VyigQJYCbZaPzAe4X4AL2g42wuHARxPOOwe4ZYALE9oO0iTCK4EnpATtediu3Uly2b84DIJkpwoooMCIAgbtEbG9lAIK9CeQ+A3sHS7YNThGOBD4ZovqbxzgKy3a99I0wj8Ad0sN2vOwvVPVS5JdvXoZjJ0ooIACKyBg0F6BSXQICqyrQITbA59qMf5zw2xHyOQjwlWYf9Iv+aRfNxz1k3kRLgWu0CZoz8N26Zb0Bu0OM+4pCiigwCYBg7a3gwIKZC0Q4a3A0S0G8bQAL0tpv2DI3nyJZwd4Qco1u7aJcGfg4yXnnx3goLp+42yX4MtK2tw8wBe71uR5CiigwLoLGLTX/Q5w/AqsgECH9do3Cw3fy04I2R8C7tGS753AMWH25Lm3oyYoF9f43TBbUlJ7VBi+LMDTms715woooIAC5QIGbe8MBRTIXiDCNYFzOwzkn+bbqJ8W4OKN8xNC9kkBjivaR7gT8ImW1y4+HXhYXy9ORvgycEhZDanLPyqC9vkB9m85NpsroIACCswFDNreCgoosBICEZ4IvKKHwXwBuEVNP9tD9uY2Ea4LFOcWa7rbHAu9OFmzZKSoYZ/UMF8V1lODepsB21YBBRRYFwGD9rrMtONUYA0EOiwhaatSGrK3BO5id8b3M3vS3eZo/eJkw5KRZwV4UWoBEZ4B/M+t7Q3aqYK2U0ABBS4vYND2rlBAgZUR6PLJvxaDbwzZWwJ38ffrycDjW1yjaFqs4356gG83ndfHkpGNa0S4OvCfJdfcte815U3j8ucKKKDAqggYtFdlJh2HAgpsE+jwyb8UuVYhe2uHER4FvDblQhVtzpwH8LdtBPC+loxs+eUgllz/2ABvWqB2T1VAAQXWVsCgvbZT78AVWF2Bhk/+XQm4K/AY4D4JCv8rwGMT2jU26fjiZGO/Wxq0WjKycW6Eql0izwxwaNsibK+AAgooMPt2qocCCiiwcgIN67UPCnD2ppBZ7I5YbNqyOXz/CDg+zLY17/VY4MXJ1DqKXSk/DbwX+GKA79SdWBOyi9M+Ekp2m0wtxHYKKKDAOgsYtNd59h27AisskPDJvwcEePcyCSIUL05+ALjjkur4KfA16p9YPzzAG5dUn5dVQAEFshYwaGc9fRavgAINT2qPB55b0+aU0P5lxd7RI+wMfBK4Xe+dL9Zh8X3wu4byXSMX69mzFVBAgTUQMGivwSQ7RAXWWSDOPrV3rxqDnwTYa0pGEQ4Ejpr/Wdb66FcGeNKUXKxFAQUUyE3AoJ3bjFmvAgq0FohwNPDWhhP3DnBR685HOqHhKyN9V2HI7lvU/hRQYC0FDNprOe0OWoH1E4hww/l65LrB3zpAsS37pI6mjWmAt/f4BPy1AR49KQCLUUABBTIVMGhnOnGWrYAC7QUi7A5c3HDm4wOc0r734c5YdGOaCAcANwIOmf/Z+L+LlzE3juIrK88P8NLhRmLPCiigwHoJGLTXa74drQIKzDa1+SJw0xqMzwY4bApYQ2xMM4VxWYMCCiiwDgIG7XWYZceogAKXE4hwHPCSBpqPAsVnAH+4DMKmJSMBXrSMurymAgoooECagEE7zclWCiiwggItt2u/X4D3jMmw6JKRMWv1WgoooIAClxcwaHtXKKDAWgtE2Bf4XguEUZ5yu2SkxYzYVAEFFJiogEF7ohNjWQooMJ5AhGIL9l91uOIgT7ldMtJhJjxFAQUUmKCAQXuCk2JJCiiwHIEIpwIP63D1Xp9yu2Skwwx4igIKKDBBAYP2BCfFkhRQYHkC808AvhY4pmMVCz3ljvBQ4M0V194nwIUd6/I0BRRQQIGRBQzaI4N7OQUUyEcgwuFA8bS6y1H5lHse5u8O3G/+Z5+ECzzLr4wkKNlEAQUUmJCAQXtCk2EpCigwTYEennJ/DTh4kdEF8O/rRQA9VwEFFFiCgH9xLwHdSyqgQL4CCz7l7jpwl4x0lfM8BRRQYIkCBu0l4ntpBRTIV6CHp9ypg/+bAA9JbWw7BRRQQIHpCBi0pzMXVqKAApkKDPSUOwJvAY4N23aN91BAAQUUyE3AoJ3bjFmvAgpMVmDBp9zvBU4H3u2XRSY7xRamgAIKtBIwaLfisrECCiiQJlDxlPuseZguAvVnAlyW1putFFBAAQVyFDBo5zhr1qyAAgoooIACCigweQGD9uSnyAIVUEABBRRQQAEFchQwaOc4a9asgAIKKKCAAgooMHkBg/bkp8gCFVBAAQUUUEABBXIUMGjnOGvWrIACCiiggAIKKDB5AYP25KfIAhVQQAEFFFBAAQVyFDBo5zhr1qyAAgoooIACCigweQGD9uSnyAIVUEABBRRQQAEFchQwaOc4a9asgAIKKKCAAgooMHkBg/bkp8gCFVBAAQUUUEABBXIUMGjnOGvWrIACCiiggAIKKDB5AYP25KfIAhVQQAEFFFBAAQVyFDBo5zhr1qyAAgoooIACCigweQGD9uSnyAIVUEABBRRQQAEFchQwaOc4a9asgAIKKKCAAgooMHkBg/bkp8gCFVBAAQUUUEABBXIUMGjnOGvWrIACCiiggAIKKDB5AYP25KfIAhVQQAEFFFBAAQVyFDBo5zhr1qyAAgoooIACCigweQGD9uSnyAIVUEABBRRQQAEFchQwaOc4a9asgAIKKKCAAgooMHkBg/bkp8gCFVBAAQUUUEABBXIUMGjnOGvWrIACCiiggAIKKDB5AYP25KfIAhVQQAEFFFBAAQVyFDBo5zhr1qyAAgoooIACCigweQGD9uSnyAIVUEABBRRQQAEFchQwaOc4a9asgAIKKKCAAgooMHkBg/bkp8gCFVBAAQUUUEABBXIUMGjnOGvWrIACCiiggAIKKDB5AYP25KfIAhVQQAEFFFBAAQVyFDBo5zhr1qyAAgoooIACCigweQGD9uSnyAIVUEABBRRQQAEFchQwaOc4a9asgAIKKKCAAgooMHkBg/bkp8gCFVBAAQUUUEABBXIUMGjnOGvWrIACCiiggAIKKDB5AYP25KfIAhVQQAEFFFBAAQVyFDBo5zhr1qyAAgoooIACCigweQGD9uSnyAIVUEABBRRQQAEFchQwaOc4a9asgAIKKKCAAgooMHkBg/bkp8gCFVBAAQUUUEABBXIUMGjnOGvWrIACCiiggAIKKDB5AYP25KfIAhVQQAEFFFBAAQVyFDBo5zhr1qyAAgoooIACCigweQGD9uSnyAIVUEABBRRQQAEFchQwaOc4a9asgAIKKKCAAgooMHkBg/bkp8gCFVBAAQUUUEABBXIUMGjnOGvWrIACCiiggAIKKDB5AYP25KfIAhVQQAEFFFBAAQVyFDBo5zhr1qyAAgoooIACCigweQGD9uSnyAIVUEABBRRQQAEFchQwaOc4a9asgAIKKKCAAgooMHkBg/bkp8gCFVBAAQUUUEABBXIUMGjnOGvWrIACCiiggAIKKDB5AYP25KfIAhVQQAEFFFBAAQVyFDBo5zhr1qyAAgoooIACCigweQGD9uSnyAIVUEABBRRQQAEFchQwaOc4a9asgAIKKKCAAgooMHkBg/bkp8gCFVBAAQUUUEABBXIUMGjnOGvWrIACCiiggAIKKDB5AYP25KfIAhVQQAEFFFBAAQVyFDBo5zhr1qyAAgoooIACCigweQGD9uSnyAIVUEABBRRQQAEFchQwaOc4a9asgAIKKKCAAgooMHkBg/bkp8gCFVBAAQUUUEABBXIUMGjnOGvWrIACCiiggAIKKDB5AYP25KfIAhVQQAEFFFBAAQVyFDBo5zhr1qyAAgoooIACCigweQGD9uSnyAIVUEABBRRQQAEFchQwaOc4a9asgAIKKKCAAgooMHkBg/bkp8gCFVBAAQUUUEABBXIUMGjnOGvWrIACCiiggAIKKDB5gf8CZupzhwk9HsUAAAAASUVORK5CYII=');
INSERT INTO Post (id, userId, longitude, latitude, regionId, title, content, upVotes, downVotes, image) VALUES (2, 2, 0, 0, 4, 'Get free food', 'Subway have just announced that for every 10 dominios vouchers you burn you get 1 free 6 foot subway! Make sure to film yourself doing it to use as proof when you had to the shop. ', 2, 4, 'data:image/png;base64,iVBORw0KGgoAAAANSUhEUgAAAtoAAAEsCAYAAAD9zRSqAAAgAElEQVR4Xu3dCbQtRX3v8W+BIAioCEiMBhUciDjjhMYBn8aoqKghipjgFF1R44xGnwL6HJ6KUYnkxRGjYpwSH47xxfE9p2jA6NOoRFGUJAQRcUIFpbL67n2u5x56qO7d3btr72+vdZcJp7r6X5/qddfv9K3uCngooIACCiiggAIKKKBA7wKh9x7tUAEFFFBAAQUUUEABBTBoexMooIACCiiggAIKKDCAgEF7AFS7VEABBRRQQAEFFFDAoO09oIACCiiggAIKKKDAAAIG7QFQ7VIBBRRQQAEFFFBAAYO294ACCiiggAIKKKCAAgMIGLQHQLVLBRRQQAEFFFBAAQUM2t4DCiiggAIKKKCAAgoMIGDQHgDVLhVQQAEFFFBAAQUUMGh7DyiggAIKKKCAAgooMICAQXsAVLtUQAEFFFBAAQUUUMCg7T2ggAIKKKCAAgoooMAAAgbtAVDtUgEFFFBAAQUUUEABg7b3gAIKKKCAAgoooIACAwgYtAdAtUsFFFBAAQUUUEABBQza3gMKKKCAAgoooIACCgwgYNAeANUuFVBAAQUUUEABBRQwaHsPKKCAAgoooIACCigwgIBBewBUu1RAAQUUUEABBRRQwKDtPaCAAgoooIACCiigwAACBu0BUO1SAQUUUEABBRRQQAGDtveAAgoooIACCiiggAIDCBi0B0C1SwUUUEABBRRQQAEFDNreAwoooIACCiiggAIKDCBg0B4A1S4VUEABBRRQQAEFFDBoew8ooIACCiiggAIKKDCAgEF7AFS7VEABBRRQQAEFFFDAoO09oIACCiiggAIKKKDAAAIG7QFQ7VIBBRRQQAEFFFBAAYO294ACCiiggAIKKKCAAgMIGLQHQLVLBRRQQAEFFFBAAQUM2t4DCiiggAIKKKCAAgoMIGDQHgDVLhVQQAEFFFBAAQUUMGh7DyiggAIKKKCAAgooMICAQXsAVLtUQAEFFFBAAQUUUMCg7T2ggAIKKKCAAgoooMAAAgbtAVDtUgEFFFBAAQUUUEABg7b3gAIKKKCAAgoooIACAwgYtAdAtUsFFFBAAQUUUEABBQza3gMKKKCAAgoooIACCgwgYNAeANUuFVBAAQUUUEABBRQwaHsPKKCAAgoooIACCigwgIBBewBUu1RAAQUUUEABBRRQwKDtPaCAAgoooIACCiigwAACBu0BUO1SAQUUUEABBRRQQAGDtveAAgoooIACCiiggAIDCBi0B0C1SwUUUEABBRRQQAEFDNreAwoooIACCiiggAIKDCBg0B4A1S4VUEABBRRQQAEFFDBoew8ooIACCiiggAIKKDCAgEF7AFS7VEABBRRQQAEFFFDAoO09oIACCiiggAIKKKDAAAIG7QFQ7VIBBRRQQAEFFFBAAYO294ACCiiggAIKKKCAAgMIGLQHQLVLBRRQQAEFFFBAAQUM2t4DCiiggAIKKKCAAgoMIGDQHgDVLhVQQAEFFFBAAQUUMGh7DyiggAIKKKCAAgooMICAQXsAVLtUQAEFFFBAAQUUUMCg7T2ggAIKKKCAAgoooMAAAgbtAVDtUgEFFFBAAQUUUEABg7b3gAIKKKCAAgoooIACAwgYtAdAtUsFFFBAAQUUUEABBQza3gMKKKCAAgoooIACCgwgYNAeANUuFVBAAQUUUEABBRQwaHsPKKCAAgoooIACCigwgIBBewBUu1RAAQUUUEABBRRQwKDtPaCAAgoooIACCiigwAACBu0BUO1SAQUUUEABBRRQQAGDtveAAgoooIACCiiggAIDCBi0B0C1SwUUUEABBRRQQAEFDNreAwoooIACCiiggAIKDCBg0B4A1S4VUEABBRRQQAEFFDBoew8ooIACCiiggAIKKDCAgEF7AFS7VEABBRRQQAEFFFDAoO09oIACCiiggAIKKKDAAAIG7QFQ7VIBBRRQQAEFFFBAAYO294ACCiiggAIKKKCAAgMIGLQHQLVLBRRQQAEFFFBAAQUM2t4DCiiggAIKKKCAAgoMIGDQHgDVLhVQQAEFFFBAAQUUMGh7DyiggAIKKKCAAgooMICAQXsAVLtUQAEFFFBAAQUUUMCg7T2ggAIKKKCAAgoooMAAAgbtAVDtUgEFFNgQiHBX4B7z////BPiIOgoooIAC6yFg0F6PeXaUCigwskCEKwLfAK615dLnAQcEuHTkkrycAgoooMDIAgbtkcG9nAIKrIdAhHcAR1WM9n0B7rMeEo5SAQUUWF8Bg/b6zr0jV0CBAQUixLruA/j374D+dq2AAgpMQcC/6KcwC9aggAIrJRDhTsAnGgZ1UICzV2rgDkYBBRRQYAcBg7Y3hAIKKNCzQNPT7PnlvhTgZj1f2u4UUEABBSYkYNCe0GRYigIK5C8QYRfgkpSRuHwkRck2CiigQL4CBu18587KFVBgggIRTgMeklja7QN8JrGtzRRQQAEFMhMwaGc2YZargALTFkhcNrIxiAsC7DftEVmdAgoooEBXAYN2VznPU0ABBUoEKoL224AHl4G5fMTbSAEFFFhdAYP26s6tI1NAgZEFIjwQeFfJZa8CHMFsWcnW4/cCfGjkUr2cAgoooMAIAgbtEZC9hAIKrIdAhG8B19k62o2n1lXLSnyqvR73h6NUQIH1EzBor9+cO2IFFBhIoCJInx9g/+KSEX4M7FkVxAcqy24VUEABBZYkYNBeEryXVUCB1RKIsBvws5JR/VGAN8+D9mHAp0vaPD7AKasl4mgUUEABBQza3gMKKKBADwIRngc8p+lptctHesC2CwUUUCATAYN2JhNlmQqsk0CEQ4DHABcONO6rzfvts/8TKmo9GvgBcNH8fz8IHFjSducAlw00XrtVQAEFFFiCgEF7CeheUgEFfi0QZ2uWizD6aOBW2iQJFIF8c3jfCPHF/+4EnAW8KcB5Sb3ZSAEFFFBgEAGD9iCsdqqAAmUCEQ6eh+p7A4eqNKrAW4rwDXw4bHsv00MBBRRQYGgBg/bQwvavwJoLRCj+nnkD8LA1p5ji8M+Yh+83h9kTcg8FFFBAgR4FDNo9YtqVAgr8WmAesF8HPEKXrAR+Og/fxdKTz2ZVucUqoIACExMwaE9sQixHgdwFDNi5z2Bl/R8H/hp4R4CLV3aUDkwBBRToUcCg3SOmXSmwzgI9Bez3Aq8GPjjFL3BEeBbwgtR5rtvxMcI7gd8v6av4ROAuwFWBvSv+d4/UGgZuV7xsWaz7fk2Abw58LbtXQAEFshMwaGc3ZRaswLQE5gG7CI0PbFnZpEP11rFEeCHwzDZjbAjaRVj+SUl/7w7wgDbXKWsb4bbAscAfAWMH8/fMn36/N8Cli47F8xVQQIFcBQzauc6cdSswAYEI+wBfA/ZNLKdYevDwnL56EWdPlju9KFgXtAuvis1rLgqzJ9m9H3E2T8WnFIvwPfanFL8FvBg4NcAlvQ/ODhVQQIEJChi0JzgplqRALgJVuxyW1J9dwJ4H4eIp/bsa5uOfgZuXtekYtIvPtIz2d3OcfXf7v83D90NHuvf+H3CfAD8c6XpeRgEFFFiKwGh/mS9ldF5UAQUGE4izT/Y9vOECuQbs4u/G4gnstRvG94IAz+66rXrX8wab1E0dRzgA+MN5AL/BgNe8X4BiqYmHAgoosHICBu2Vm1IHpMDwAhHuAnys5kpZBuxiPBF2Ay5IWNd8j/nmL5d1Dcxdzxt+hsuvEGFX4Ij52u/79lzHR4EH+JS7Z1W7U0CBpQoYtJfK78UVyE9gHrZ+UVF58Q3mvXJag711HC2Ww6RM3s51X0/JLWhXDTjCb8/Dd/Hy5W+kwDS08Sl3D4h2oYACyxcwaC9/DqxAgawEIrwSeEJF0TtlHrL/hVloHOoovjJS7Mb4cuB9wC/LLjTmGu2hBhphz/nnC4sXLw/veB2fcneE8zQFFJiGgEF7GvNgFQpkI1DzxPe6Ab6dzUDmhUY4DCheAnzsVGpfhaC91TLC7sBrgWM6OvuUuyOcpymgwPIEDNrLs/fKCmQpUBG0zw5wUE4Dmge/4unykE+wu5CcE+A6XU7M5Zw4e8JdPK3ucviUu4ua5yigwFIEDNpLYfeiCuQrUBG0Tw7wxJxG1fNa7D6H/pUAN+6zw6n25VPuqc6MdSmgQF8CBu2+JO1HgTURqAiox4bZVtxZHBGK7zj/Todii7XVxRbsFzL78sqfMfsM3sEd+mp7ymXMtjk/G/ju/Ksvb5viVvVtB1a09yl3FzXPUUCBqQsYtKc+Q9anwMQEKoL2jQN8ZWKllpYT4QTgxMRatwXrAN/faB9nOyp+PvH8oZsVG75cJ8BFQ19orP57eMpd/MvKq1blF5Cx3L2OAgoMI2DQHsbVXhVYSYEIVwKKT/htPWo/YzcVjAgpOz0W5V4tlGy7HuHD810UpzKkoo7vBbj6lArqq5YFnnJ/Dyhezi27V/sqz34UUECBRgGDdiORDRRQYEMgwu8CH9oqksNXMubfei4+39d0HBhmu0JuPyLcCfhE04lL/PktAhRbwa/k0fEp908C7LWSIA5KAQWyETBoZzNVFqrA8gUiPBN4YW5BO8LV2LT8o0byNmHTspAIu8zXRf/W8vXrK8jhl50+DFs+5b5+gG/0cV37UEABBboIGLS7qHmOAmsqEOHdwJE5Be0IOwG/SpiyIwOcvtEuwgOAv004r67Jccy+Lb7tT5ht7b7tiLOvtLxiwf43n/6KAE/usb9Jd5X6lHtdfgGZ9GRZnAJrLGDQXuPJd+gKtBWIUKx93TezoB0TxvmEAH8xD8BXBoqXDFOOQwOc2WUr9Qh/DRS7JrY9Hg6cWnHSvptf3Gzbca7tG55yHx7g47mOzboVUCBvAYN23vNn9QqMKhBnn7Xbe8tFLw6wx6iFJF4s8TN+bw/w4HnILp4I/3lC9+8KcNRGu45B+0vATcp+aYlwLPDGmjq+CNys7Ofr+gQ3wq2Bz2mScPfaRAEFRhMwaI9G7YUUyF+gS6Bc1qgTP+N3SYArRvhN4N8Sa712gO9sbtvFpemcCMXfz8W3s9sexwR4a9uTVqF9zSZETw1pv0CtAoNjUECBCQkYtCc0GZaiwNQFmsLhVOpP/Yxf8fQ3winAYxNqf36A55S16+JScc7Xw6bNb+YvY15SUdtpwDEVP7tGgPMSxrRSTSLsB5xfMaidwral8R4KKKDAeAIG7fGsvZIC2Qt0CZRjD7rFZ/yKUFbstFisyW469gmzZTOlRxeXinOKnR6P3nyRCLcHPtVU4JafnxrgES3PWYnmEYplNTctGcz7AxyxEoN0EAookI2AQTubqbJQBZYv0CVQjll1i8/43ZHZNuxNxyNC9YuH28/t4lJxztMDvHRrUXG2FGSHAN5Q+HcCXLtpcKv48whXBH5eMbZiF81zVnHcjkkBBaYpYNCe5rxYlQKTFOgSKMccSM0a3c1l/PdiW/WGuoodBYun2L9Iqb+LS8U5dw+z3ScvdySObeO8fw1wg5TaV7FNhFcDjy4Z25vC7EVTDwUUUGAUAYP2KMxeRIHVEOgSKMcaeYQTgRMarveRhC3UK8NuVd9tXWq+7b1HgIsrgvY1gXMTPV8f4FGJbVeyWcWcFN8yv+5KDthBKaDAJAUM2pOcFotSYJoCbQPlmKNIeOJbrLEudoisOopNZQ4KHb700dYlzj7rV3zeb4ej6dN8LTa5eWKAk8f0n9q1KubkCwFuObVarUcBBVZXwKC9unPryBToXaBtoOy9gJoOE4J2XTlPCvDKrvW2dan6TnZT0C7qSxznXQJ8out4VuG8CqcXBXjWKozPMSigQB4CBu085skqFZiEQNtAOVbREf6U7k9w7xjgk4vU2tYlzrZeL7Zg3+FIDNq7AFWf/Nvob88AxTrztT0q5uS+Ad67tigOXAEFRhcwaI9O7gUVyFegbaAcY6QR9gR+3PFavxngPzqeu/20ti4R/i9QfPmkddAuTmj65F9KYF90zFM+v2YN/H4BLphy7damgAKrJWDQXq35dDQKDCrQNlAOWsy888SlFGWl7Brg0j5qbOsSZ78YFL8gdAra87Bd+ck/g/a2ddhnLOLbx31hHwoooIBB23tAAQWSBdoGyuSOOzasWoLR0N1ZAW7Y8ZKlp7V1qWh/foD929RV80vGZ8Jso5u1PCI8DniVQXstp99BKzApAYP2pKbDYhSYtkCEzwO3mkKAiXBb4LMtxV4e4Cktz2ls3talIiD/fYB7Nl5sU4MIHwUOrzjnbgGKzxmu3RHhbcCDpnCfrh2+A1ZAgR0EDNreEAookCwQ4STgqSUnHBLgX5I7WrBhhN2An7Xs5qgA72p5TlLzCM8Fji9pfOcwW4+9w9HXFzGqlqBsutjuoXqXxKSx5dio7b8w5DhGa1ZAgTwEDNp5zJNVKjAJgZqXzH4Q6r9R3Wv9HdZl3yjAV3stIi08U7ZeuqL+1r8IpDis23rtmuVE3wxwvSHvAftWQAEFtgoYtL0nFFCglcCynxZ2WJd95dD9qyTJNhG+Tvm255d76bLC8HoBvpl6wQj7At9LaP+cAM9PaJd9k4blRHcI8OnsB+kAFFAgKwGDdlbTZbEKLF8gwl0pX/s7+G6Ebddlj/k0N8IBwDklM/SWAH+48d8jXAv4bslTj1Z/H0d4I3Bs4h1R7Hh5dmLbLJs1LCdq/aJplggWrYACkxNo9Rf75Kq3IAUUWIrAMp5qt1yX/f4AR4yNk+IS4b7A6T0E7dhyfL19zrDldUdp3rCMZqew7fPjHgoooMC4Agbtcb29mgIrIRDh48CdSwazR4CLhxhkynrk+XVPC/DQIWpo6jPOvmjyspJ221+KjHAicMIiQTvCzsAvS65zKvDwijpPCnBc0xhy/HnDcqLrBvh2juOyZgUUyF/AoJ3/HDoCBUYXiLPvPZ9XcuF3B3hA3wW1WZc95nKRsnE2PdWOs6fZxVPtHY42dUd4JvDCkutfGSj+nFvysx8FuErfc7Ps/hqWEz0uwF8uu0avr4AC6ytg0F7fuXfkCiwk0BQoF+p808kRbgd8JrW/NoE1tc827WpeitwtwC962hWydBnExtjHmps2LkO0bVhOdE6A6wxxXftUQAEFUgUM2qlStlNAgR0EqpZAAL19UzvCLsAlLejPCCUb6rQ4f+GmNS9FbvvUX0UIbrVbZUUf23eDXKOgXbfu2nXZC9/NdqCAAosKGLQXFfR8BdZUYIxvakf4T+DqLYhPDvDEFu0HaVqznvyLwM1KLvqSAM9IKSbC/YG/K2l7cJh9YrB466/2iXfKdabexnXZU58h61NAgULAoO19oIACnQWGDHQRbg58oWVxxwZ4U8tzem8e4YG024Vy27KSlEIi/AC46ta2m5fMDDkvKTUO3cZ12UML278CCvQlYNDuS9J+FFhDgSG/qd3iKyOb5W8c4CtTmIoIFwJ7p9TSZl15hcuFAfbZuNYqB+04e6HzogpX12Wn3HC2UUCB0QQM2qNReyEFVlNgiFAX4eXAkzqI7Rzgsg7nLXxKhN9h9sWVH/Hr7ej/NKHj0wMcmdCuWA9yCPDlkrZHhk3f5h5iTlLqG7pNnC0jKpYTVR2uyx56EuxfAQVaCRi0W3HZWAEFtgr0/U3tOHsye0EX6TZPhrv0X3bOPPwVuy7usUCf7wf+oOkb5KkBOrXdAvWOfmqcfUHkWzUX9nvZo8+KF1RAgSYBg3aTkD9XQIFagZpvan8nwLXb8nVcMrLtMmMH7YZlDG2HXrQvXmK8UYCvlfxC8z7g3mWdbh33qgXtCLcEzqgBPTHAc7uAe44CCigwpIBBe0hd+1ZgTQRqwvHdA3w4lSHC0cBbE9p/Cbjp1nZjBu0BQvbW4TwnwPPn6fshwGkVLrcN8LnNP1uloB3hcOCjNffEPwe4RcI9YxMFFFBgdAGD9ujkXlCB1ROI8EjgdRUj2z3Az5tG3bD5yNbTz6HkaflYQTvCFUkYU9OYE37+78ARwJlVbcvGvCpBO0LdLxgFyXsC3C/B0SYKKKDAUgQM2kth96IKrJ5A3ZKPlAC8yJKRueYvAuw2hmyElwJPG+NaDdfYNcClW9usQtCOULxIenLN+F8T4DETmANLUEABBSoFDNreHAoo0ItAwxPpp4TZl0RKjwiV649bFPepMPvyx+BHzaf7TgpwXGrwXbDQGwT417I+cg/aEZ4HPKfG588CvHhBP09XQAEFBhcwaA9O7AUUWB+BCHcD/qFixPsHOL8khDYtD0gFHG1XyDZBNsJe80/+pY4jpd0xoWYte5v6Ui42Zps4W4te3BNVx6MCvH7MmryWAgoo0FXAoN1VzvMUUKBUIM5ezLt12Q9Lvo5xfeCsnihH2xUywg+BK2+p+0dhtpnKDkeEv6J8iUPxhP/JHcb+1gDH1J2Xa9COs5cei5cfq457BfhgBzNPUUABBZYiYNBeCrsXVWC1BWrWW78uwB9vjL5hXfauwCUtpEbbFbJNkK1r22Wt9yLr3VPObeHda9OKX142X+MOAT7d60XtTAEFFBhYwKA9MLDdK7COAhEOAr5RMfZDA5wZ4W3AgyrabFt/3PIFydF2hYzwKuBxW2o/JcDjt46nYgzbd4NsGbZLX35MvObo3xlPvfcT5vmGob9/+Ugty3YKKKDAwgIG7YUJ7UABBcoEIpwEPLVC5wrALyt+tn39cUIA297FmE9rI9wW+OyW+m8X4B83/7c4e3r/mpJxHhDguxv/PTFsnxng0JS7rc0T95T+hmoTYZeEf7W4VoB/G6oG+1VAAQWGFDBoD6lr3wqsuUBNUC5eirx6Cc/nA9xmUwAtdkpMOuqCdoSbAA8Eio1uiu3Svxngx0kdVzSaf+P5XvMff6Ds5cQ2gTfCucA1a2p6ZIA3pNTc5rop/fXdJs7Wt78d+L2Gvq8S4Ed9X9/+FFBAgbEEDNpjSXsdBdZQIMLewIWpQ0/dSrysv83nzreFf0bHlw2L7i8rwvg8lH9/vhnPx8Nsi/TkoyLwnhvgtzZ30rAxy0+BN5YtS6kqZKpBO8JdgI8lAiZtdJTYl80UUECBpQgYtJfC7kUVWB+BhN39tmOUBO0vADdP1CrWTV9ujXTiuW2aFRvV/EVoeFEzwsHAV0s6vluAj2z89wi1X17psiRmSkE7QrFM6BUla9rrzEdbb99m4m2rgAIKtBUwaLcVs70CCrQWiHAesH/DiX8SZp/C235EOAp4R+sLjndCsRTlcQE+ufWSET4P3Grrf9/y5L1pjXLSy48l1y598t4ltHelnP+iUbjs06aPMWtsU5dtFVBAgS4CBu0uap6jgAKtBCLsXPPy47a+qgJWhO8B+7a64PIavwkodi38j5Snyg0ve1bu/Ng0vJRrN/XR9ecRngK8rMP5rwqzbdc9FFBAgZURMGivzFQ6EAWmLRDhlsAZVVXWBO3i76lizfQqHMcH+B/FQBq2na/d+bEJYuygHWE/4H1sepG1qcZNP38/8OAAP2lxjk0VUECBLAQM2llMk0UqsBoCcbYMpFgOUnbcJMCXy34Q4TrAtzoq/Dnw4s3bv0fYidkLiQeW/Cm+Ad5quUOLuu4a4GMN69Ybd35sut5YQTvC/YD/3VRPxc//IMA7O57raQoooEAWAgbtLKbJIhVYHYGG5RKvDfDoirD9WOCUBInLBeuEc2qbzF9YfNH8E4GLdld7fh9rlIcM2hF2Y/aZwaM7QJxVbLEe4N87nOspCiigQHYCBu3spsyCFchbIM6+i7xXwyh22NBlo22EbwPXrjl3vwAXDC0U4UjgpcD1er5Wp5cft9YwRNCOs81yPsfsXwPaHicGeG7bk2yvgAIK5C5g0M59Bq1fgcwEWuz2uH0986agXbteu4+nwW05I+wx3wGzjyD55DD7FN5CR19BO257R5XnAc/uUNCvik8zVi0H6tCfpyiggALZCRi0s5syC1Ygb4EIP2S2M2DqcbUAP9gUtus2jXllgCeldjxEuxa/SNRd/qEBTuta36JBO87Wrxff+i6+8d32eAtQ7GJ5SdsTba+AAgqsmoBBe9Vm1PEoMHGBjkH0UQFeXwwt4fzbBfjHZTBEuBJQ7OTY13HPAH/ftrO2QTvCFZl9FeaR8z9tL1m0v3eAD3Q50XMUUECBVRUwaK/qzDouBSYqULWRS2K5uwM/S2i7Z+g38NZeMsJN558uLHZBHOJo9ctDzS8j7wIOA67ZU5HFLzTFLwPb/8Whp37tRgEFFFgJAYP2Skyjg1AgH4EIJwAnjlDxEcA35sH85xv/G+DSvq4d4U+Av+zQ32eB+wBF8L1zi/N/O8DXNtpvehJdhOeNP32F6Lqynhjg5BZ121QBBRRYSwGD9lpOu4NWYHkC8xfs/ha4//KqWNqVi3XLxVdXNoJ/8XS+CP43Aoqn9VM+iq+5HBZmv7x4KKCAAgokCBi0E5BsooACwwhEuBmzr2zcZZgr2GsPAsWT6+JrKKuyO2cPJHahgAIKpAkYtNOcbKWAAgMLRNiV2RdDXjzwpew+TeAOAT6d1tRWCiiggAJlAgZt7wsFFJikgE+7B5+WYvOZz2z8CfCdwa/oBRRQQIE1EzBor9mEO1wFchSIcAvgzBxrn1DNRwY4fUL1WIoCCiiw8gIG7ZWfYgeowOoIxNkn+4pvVfd9nAf8RodOixcEiy+IXBc4pOT87zP7RnXxouPOHfrv85Tr+yJjn5z2pYACCjQLGLSbjWyhgAITEYhwPNDHVueLjmiH7eHj7EXBy/19OsSW8F0/KThELYsier4CCiiw6gIG7VWfYcenwAoJRLg98KklDuk2AT6/9foVG8ScG2ZbmQ9yRHgJcFxq5wbtVCnbKaCAAv0JGLT7s7QnBRQYWGD+De6qz8w9e/5t7kN7LqNYGnKPMPv+9eWOCAcDXy350d0CfKTnWnbobu7xdeD6TdcxaDcJ+XMFFFCgfwGDdv+m9qiAAgMK1Gwv/tUw2/hl+xHhQOAo4MHAzVuWtcPykKpzq7aUHzPYRngE8PqG8e0W4BctDWyugAIKKEzy28UAAA4iSURBVLCAgEF7ATxPVUCB8QVqgnZRzP4Bzq8JxcXLiVdrqLp0eUhNn7HsZ2MG7eL6EW5FybKWLbUdEOC748+aV1RAAQXWU8CgvZ7z7qgVyFagIWgXbyTW/r0WZxviPL0B4AoBftWEFGGv+ZbqW5smPQ1v6r/tzyNcFfhBw3n3CvDBtn3bXgEFFFCgvYBBu72ZZyigwBIFIpwLXLOmhJsG+P91JUa4J/CBhmFcI0Dx2b/KI8JfAY8pabC0ZRpNv4jMaz0hwPOWOI1eWgEFFFgLAYP2Wkyzg1RgdQQivBE4tm5ETU+1i3Pj7IsgTbsh1j79rQq1KdcfakYSg3Zx+U8GuONQddivAgoooEDDP7EKpIACCkxNIMJDgTc31HWfAO9rqj3CLsAlDe1eEuAZZW0qQu3pAY5suvZQP28RtDdKWNrT96EM7FcBBRSYioBPtKcyE9ahgAJJAonrkBvXam++WIR3zL9OUlXDeQGuseWcPwZeU3LCUl847BC0iyEsteakibeRAgookKGAQTvDSbNkBdZdIDFMHhfgpFSrxE/k7R3goqLPMXeDTB3DvK6yr6AcA5zW0I8vSbaBtq0CCiiQIGDQTkCyiQIKTEsgMWgXRe8e4Oep1Ue4CfClhva3DvBPy9gNMmUcFXUVG9qcTfOXVHxJMgXZNgoooECigEE7EcpmCigwHYEWQbvVEpL5E+GqT/ZtBnhpxfbng+8GWTcLEfYEfry1zeaXMyOcCjyspp8zwuyb3B4KKKCAAgsKGLQXBPR0BRQYXyDCD4ErJ175HQEelNh2e7MIZ6Vsbb6532V+bWT+S8Idiq+J1AXtebumnSQvDrBHWzPbK6CAAgrsKGDQ9o5QQIHsBCLcH/i7FoU/MLRrv63rCMcDz029zgSC9qOBVzcF7fnYmnaSfGSAN6SO3XYKKKCAApcXMGh7VyigQJYCbZaPzAe4X4AL2g42wuHARxPOOwe4ZYALE9oO0iTCK4EnpATtediu3Uly2b84DIJkpwoooMCIAgbtEbG9lAIK9CeQ+A3sHS7YNThGOBD4ZovqbxzgKy3a99I0wj8Ad0sN2vOwvVPVS5JdvXoZjJ0ooIACKyBg0F6BSXQICqyrQITbA59qMf5zw2xHyOQjwlWYf9Iv+aRfNxz1k3kRLgWu0CZoz8N26Zb0Bu0OM+4pCiigwCYBg7a3gwIKZC0Q4a3A0S0G8bQAL0tpv2DI3nyJZwd4Qco1u7aJcGfg4yXnnx3goLp+42yX4MtK2tw8wBe71uR5CiigwLoLGLTX/Q5w/AqsgECH9do3Cw3fy04I2R8C7tGS753AMWH25Lm3oyYoF9f43TBbUlJ7VBi+LMDTms715woooIAC5QIGbe8MBRTIXiDCNYFzOwzkn+bbqJ8W4OKN8xNC9kkBjivaR7gT8ImW1y4+HXhYXy9ORvgycEhZDanLPyqC9vkB9m85NpsroIACCswFDNreCgoosBICEZ4IvKKHwXwBuEVNP9tD9uY2Ea4LFOcWa7rbHAu9OFmzZKSoYZ/UMF8V1lODepsB21YBBRRYFwGD9rrMtONUYA0EOiwhaatSGrK3BO5id8b3M3vS3eZo/eJkw5KRZwV4UWoBEZ4B/M+t7Q3aqYK2U0ABBS4vYND2rlBAgZUR6PLJvxaDbwzZWwJ38ffrycDjW1yjaFqs4356gG83ndfHkpGNa0S4OvCfJdfcte815U3j8ucKKKDAqggYtFdlJh2HAgpsE+jwyb8UuVYhe2uHER4FvDblQhVtzpwH8LdtBPC+loxs+eUgllz/2ABvWqB2T1VAAQXWVsCgvbZT78AVWF2Bhk/+XQm4K/AY4D4JCv8rwGMT2jU26fjiZGO/Wxq0WjKycW6Eql0izwxwaNsibK+AAgooMPt2qocCCiiwcgIN67UPCnD2ppBZ7I5YbNqyOXz/CDg+zLY17/VY4MXJ1DqKXSk/DbwX+GKA79SdWBOyi9M+Ekp2m0wtxHYKKKDAOgsYtNd59h27AisskPDJvwcEePcyCSIUL05+ALjjkur4KfA16p9YPzzAG5dUn5dVQAEFshYwaGc9fRavgAINT2qPB55b0+aU0P5lxd7RI+wMfBK4Xe+dL9Zh8X3wu4byXSMX69mzFVBAgTUQMGivwSQ7RAXWWSDOPrV3rxqDnwTYa0pGEQ4Ejpr/Wdb66FcGeNKUXKxFAQUUyE3AoJ3bjFmvAgq0FohwNPDWhhP3DnBR685HOqHhKyN9V2HI7lvU/hRQYC0FDNprOe0OWoH1E4hww/l65LrB3zpAsS37pI6mjWmAt/f4BPy1AR49KQCLUUABBTIVMGhnOnGWrYAC7QUi7A5c3HDm4wOc0r734c5YdGOaCAcANwIOmf/Z+L+LlzE3juIrK88P8NLhRmLPCiigwHoJGLTXa74drQIKzDa1+SJw0xqMzwY4bApYQ2xMM4VxWYMCCiiwDgIG7XWYZceogAKXE4hwHPCSBpqPAsVnAH+4DMKmJSMBXrSMurymAgoooECagEE7zclWCiiwggItt2u/X4D3jMmw6JKRMWv1WgoooIAClxcwaHtXKKDAWgtE2Bf4XguEUZ5yu2SkxYzYVAEFFJiogEF7ohNjWQooMJ5AhGIL9l91uOIgT7ldMtJhJjxFAQUUmKCAQXuCk2JJCiiwHIEIpwIP63D1Xp9yu2Skwwx4igIKKDBBAYP2BCfFkhRQYHkC808AvhY4pmMVCz3ljvBQ4M0V194nwIUd6/I0BRRQQIGRBQzaI4N7OQUUyEcgwuFA8bS6y1H5lHse5u8O3G/+Z5+ECzzLr4wkKNlEAQUUmJCAQXtCk2EpCigwTYEennJ/DTh4kdEF8O/rRQA9VwEFFFiCgH9xLwHdSyqgQL4CCz7l7jpwl4x0lfM8BRRQYIkCBu0l4ntpBRTIV6CHp9ypg/+bAA9JbWw7BRRQQIHpCBi0pzMXVqKAApkKDPSUOwJvAY4N23aN91BAAQUUyE3AoJ3bjFmvAgpMVmDBp9zvBU4H3u2XRSY7xRamgAIKtBIwaLfisrECCiiQJlDxlPuseZguAvVnAlyW1putFFBAAQVyFDBo5zhr1qyAAgoooIACCigweQGD9uSnyAIVUEABBRRQQAEFchQwaOc4a9asgAIKKKCAAgooMHkBg/bkp8gCFVBAAQUUUEABBXIUMGjnOGvWrIACCiiggAIKKDB5AYP25KfIAhVQQAEFFFBAAQVyFDBo5zhr1qyAAgoooIACCigweQGD9uSnyAIVUEABBRRQQAEFchQwaOc4a9asgAIKKKCAAgooMHkBg/bkp8gCFVBAAQUUUEABBXIUMGjnOGvWrIACCiiggAIKKDB5AYP25KfIAhVQQAEFFFBAAQVyFDBo5zhr1qyAAgoooIACCigweQGD9uSnyAIVUEABBRRQQAEFchQwaOc4a9asgAIKKKCAAgooMHkBg/bkp8gCFVBAAQUUUEABBXIUMGjnOGvWrIACCiiggAIKKDB5AYP25KfIAhVQQAEFFFBAAQVyFDBo5zhr1qyAAgoooIACCigweQGD9uSnyAIVUEABBRRQQAEFchQwaOc4a9asgAIKKKCAAgooMHkBg/bkp8gCFVBAAQUUUEABBXIUMGjnOGvWrIACCiiggAIKKDB5AYP25KfIAhVQQAEFFFBAAQVyFDBo5zhr1qyAAgoooIACCigweQGD9uSnyAIVUEABBRRQQAEFchQwaOc4a9asgAIKKKCAAgooMHkBg/bkp8gCFVBAAQUUUEABBXIUMGjnOGvWrIACCiiggAIKKDB5AYP25KfIAhVQQAEFFFBAAQVyFDBo5zhr1qyAAgoooIACCigweQGD9uSnyAIVUEABBRRQQAEFchQwaOc4a9asgAIKKKCAAgooMHkBg/bkp8gCFVBAAQUUUEABBXIUMGjnOGvWrIACCiiggAIKKDB5AYP25KfIAhVQQAEFFFBAAQVyFDBo5zhr1qyAAgoooIACCigweQGD9uSnyAIVUEABBRRQQAEFchQwaOc4a9asgAIKKKCAAgooMHkBg/bkp8gCFVBAAQUUUEABBXIUMGjnOGvWrIACCiiggAIKKDB5AYP25KfIAhVQQAEFFFBAAQVyFDBo5zhr1qyAAgoooIACCigweQGD9uSnyAIVUEABBRRQQAEFchQwaOc4a9asgAIKKKCAAgooMHkBg/bkp8gCFVBAAQUUUEABBXIUMGjnOGvWrIACCiiggAIKKDB5AYP25KfIAhVQQAEFFFBAAQVyFDBo5zhr1qyAAgoooIACCigweQGD9uSnyAIVUEABBRRQQAEFchQwaOc4a9asgAIKKKCAAgooMHkBg/bkp8gCFVBAAQUUUEABBXIUMGjnOGvWrIACCiiggAIKKDB5AYP25KfIAhVQQAEFFFBAAQVyFDBo5zhr1qyAAgoooIACCigweQGD9uSnyAIVUEABBRRQQAEFchQwaOc4a9asgAIKKKCAAgooMHkBg/bkp8gCFVBAAQUUUEABBXIUMGjnOGvWrIACCiiggAIKKDB5AYP25KfIAhVQQAEFFFBAAQVyFDBo5zhr1qyAAgoooIACCigweQGD9uSnyAIVUEABBRRQQAEFchQwaOc4a9asgAIKKKCAAgooMHkBg/bkp8gCFVBAAQUUUEABBXIUMGjnOGvWrIACCiiggAIKKDB5AYP25KfIAhVQQAEFFFBAAQVyFDBo5zhr1qyAAgoooIACCigweQGD9uSnyAIVUEABBRRQQAEFchQwaOc4a9asgAIKKKCAAgooMHkBg/bkp8gCFVBAAQUUUEABBXIUMGjnOGvWrIACCiiggAIKKDB5gf8CZupzhwk9HsUAAAAASUVORK5CYII=');
INSERT INTO Post (id, userId, longitude, latitude, regionId, title, content, upVotes, downVotes, image) VALUES (3, 2, 0, 0, 3, 'Apple is actually based in India', 'The so-called california company has been found to contract all there jobs out to India. Programmers are reported to be turning up to work just to play Ping-Pong while their indian counter parts perform the work. The real Steve Ive is actually Hukbar Punar from central India.', 3, 4, 'data:image/png;base64,iVBORw0KGgoAAAANSUhEUgAAAtoAAAEsCAYAAAD9zRSqAAAgAElEQVR4Xu3dCbQtRX3v8W+BIAioCEiMBhUciDjjhMYBn8aoqKghipjgFF1R44xGnwL6HJ6KUYnkxRGjYpwSH47xxfE9p2jA6NOoRFGUJAQRcUIFpbL67n2u5x56qO7d3btr72+vdZcJp7r6X5/qddfv9K3uCngooIACCiiggAIKKKBA7wKh9x7tUAEFFFBAAQUUUEABBTBoexMooIACCiiggAIKKDCAgEF7AFS7VEABBRRQQAEFFFDAoO09oIACCiiggAIKKKDAAAIG7QFQ7VIBBRRQQAEFFFBAAYO294ACCiiggAIKKKCAAgMIGLQHQLVLBRRQQAEFFFBAAQUM2t4DCiiggAIKKKCAAgoMIGDQHgDVLhVQQAEFFFBAAQUUMGh7DyiggAIKKKCAAgooMICAQXsAVLtUQAEFFFBAAQUUUMCg7T2ggAIKKKCAAgoooMAAAgbtAVDtUgEFFFBAAQUUUEABg7b3gAIKKKCAAgoooIACAwgYtAdAtUsFFFBAAQUUUEABBQza3gMKKKCAAgoooIACCgwgYNAeANUuFVBAAQUUUEABBRQwaHsPKKCAAgoooIACCigwgIBBewBUu1RAAQUUUEABBRRQwKDtPaCAAgoooIACCiigwAACBu0BUO1SAQUUUEABBRRQQAGDtveAAgoooIACCiiggAIDCBi0B0C1SwUUUEABBRRQQAEFDNreAwoooIACCiiggAIKDCBg0B4A1S4VUEABBRRQQAEFFDBoew8ooIACCiiggAIKKDCAgEF7AFS7VEABBRRQQAEFFFDAoO09oIACCiiggAIKKKDAAAIG7QFQ7VIBBRRQQAEFFFBAAYO294ACCiiggAIKKKCAAgMIGLQHQLVLBRRQQAEFFFBAAQUM2t4DCiiggAIKKKCAAgoMIGDQHgDVLhVQQAEFFFBAAQUUMGh7DyiggAIKKKCAAgooMICAQXsAVLtUQAEFFFBAAQUUUMCg7T2ggAIKKKCAAgoooMAAAgbtAVDtUgEFFFBAAQUUUEABg7b3gAIKKKCAAgoooIACAwgYtAdAtUsFFFBAAQUUUEABBQza3gMKKKCAAgoooIACCgwgYNAeANUuFVBAAQUUUEABBRQwaHsPKKCAAgoooIACCigwgIBBewBUu1RAAQUUUEABBRRQwKDtPaCAAgoooIACCiigwAACBu0BUO1SAQUUUEABBRRQQAGDtveAAgoooIACCiiggAIDCBi0B0C1SwUUUEABBRRQQAEFDNreAwoooIACCiiggAIKDCBg0B4A1S4VUEABBRRQQAEFFDBoew8ooIACCiiggAIKKDCAgEF7AFS7VEABBRRQQAEFFFDAoO09oIACCiiggAIKKKDAAAIG7QFQ7VIBBRRQQAEFFFBAAYO294ACCiiggAIKKKCAAgMIGLQHQLVLBRRQQAEFFFBAAQUM2t4DCiiggAIKKKCAAgoMIGDQHgDVLhVQQAEFFFBAAQUUMGh7DyiggAIKKKCAAgooMICAQXsAVLtUQAEFFFBAAQUUUMCg7T2ggAIKKKCAAgoooMAAAgbtAVDtUgEFFFBAAQUUUEABg7b3gAIKKKCAAgoooIACAwgYtAdAtUsFFFBAAQUUUEABBQza3gMKKKCAAgoooIACCgwgYNAeANUuFVBAAQUUUEABBRQwaHsPKKCAAgoooIACCigwgIBBewBUu1RAAQUUUEABBRRQwKDtPaCAAgoooIACCiigwAACBu0BUO1SAQUUUEABBRRQQAGDtveAAgoooIACCiiggAIDCBi0B0C1SwUUUEABBRRQQAEFDNreAwoooIACCiiggAIKDCBg0B4A1S4VUEABBRRQQAEFFDBoew8ooIACCiiggAIKKDCAgEF7AFS7VEABBRRQQAEFFFDAoO09oIACCiiggAIKKKDAAAIG7QFQ7VIBBRRQQAEFFFBAAYO294ACCiiggAIKKKCAAgMIGLQHQLVLBRRQQAEFFFBAAQUM2t4DCiiggAIKKKCAAgoMIGDQHgDVLhVQQAEFFFBAAQUUMGh7DyiggAIKKKCAAgooMICAQXsAVLtUQAEFFFBAAQUUUMCg7T2ggAIKKKCAAgoooMAAAgbtAVDtUgEFFNgQiHBX4B7z////BPiIOgoooIAC6yFg0F6PeXaUCigwskCEKwLfAK615dLnAQcEuHTkkrycAgoooMDIAgbtkcG9nAIKrIdAhHcAR1WM9n0B7rMeEo5SAQUUWF8Bg/b6zr0jV0CBAQUixLruA/j374D+dq2AAgpMQcC/6KcwC9aggAIrJRDhTsAnGgZ1UICzV2rgDkYBBRRQYAcBg7Y3hAIKKNCzQNPT7PnlvhTgZj1f2u4UUEABBSYkYNCe0GRYigIK5C8QYRfgkpSRuHwkRck2CiigQL4CBu18587KFVBgggIRTgMeklja7QN8JrGtzRRQQAEFMhMwaGc2YZargALTFkhcNrIxiAsC7DftEVmdAgoooEBXAYN2VznPU0ABBUoEKoL224AHl4G5fMTbSAEFFFhdAYP26s6tI1NAgZEFIjwQeFfJZa8CHMFsWcnW4/cCfGjkUr2cAgoooMAIAgbtEZC9hAIKrIdAhG8B19k62o2n1lXLSnyqvR73h6NUQIH1EzBor9+cO2IFFBhIoCJInx9g/+KSEX4M7FkVxAcqy24VUEABBZYkYNBeEryXVUCB1RKIsBvws5JR/VGAN8+D9mHAp0vaPD7AKasl4mgUUEABBQza3gMKKKBADwIRngc8p+lptctHesC2CwUUUCATAYN2JhNlmQqsk0CEQ4DHABcONO6rzfvts/8TKmo9GvgBcNH8fz8IHFjSducAlw00XrtVQAEFFFiCgEF7CeheUgEFfi0QZ2uWizD6aOBW2iQJFIF8c3jfCPHF/+4EnAW8KcB5Sb3ZSAEFFFBgEAGD9iCsdqqAAmUCEQ6eh+p7A4eqNKrAW4rwDXw4bHsv00MBBRRQYGgBg/bQwvavwJoLRCj+nnkD8LA1p5ji8M+Yh+83h9kTcg8FFFBAgR4FDNo9YtqVAgr8WmAesF8HPEKXrAR+Og/fxdKTz2ZVucUqoIACExMwaE9sQixHgdwFDNi5z2Bl/R8H/hp4R4CLV3aUDkwBBRToUcCg3SOmXSmwzgI9Bez3Aq8GPjjFL3BEeBbwgtR5rtvxMcI7gd8v6av4ROAuwFWBvSv+d4/UGgZuV7xsWaz7fk2Abw58LbtXQAEFshMwaGc3ZRaswLQE5gG7CI0PbFnZpEP11rFEeCHwzDZjbAjaRVj+SUl/7w7wgDbXKWsb4bbAscAfAWMH8/fMn36/N8Cli47F8xVQQIFcBQzauc6cdSswAYEI+wBfA/ZNLKdYevDwnL56EWdPlju9KFgXtAuvis1rLgqzJ9m9H3E2T8WnFIvwPfanFL8FvBg4NcAlvQ/ODhVQQIEJChi0JzgplqRALgJVuxyW1J9dwJ4H4eIp/bsa5uOfgZuXtekYtIvPtIz2d3OcfXf7v83D90NHuvf+H3CfAD8c6XpeRgEFFFiKwGh/mS9ldF5UAQUGE4izT/Y9vOECuQbs4u/G4gnstRvG94IAz+66rXrX8wab1E0dRzgA+MN5AL/BgNe8X4BiqYmHAgoosHICBu2Vm1IHpMDwAhHuAnys5kpZBuxiPBF2Ay5IWNd8j/nmL5d1Dcxdzxt+hsuvEGFX4Ij52u/79lzHR4EH+JS7Z1W7U0CBpQoYtJfK78UVyE9gHrZ+UVF58Q3mvXJag711HC2Ww6RM3s51X0/JLWhXDTjCb8/Dd/Hy5W+kwDS08Sl3D4h2oYACyxcwaC9/DqxAgawEIrwSeEJF0TtlHrL/hVloHOoovjJS7Mb4cuB9wC/LLjTmGu2hBhphz/nnC4sXLw/veB2fcneE8zQFFJiGgEF7GvNgFQpkI1DzxPe6Ab6dzUDmhUY4DCheAnzsVGpfhaC91TLC7sBrgWM6OvuUuyOcpymgwPIEDNrLs/fKCmQpUBG0zw5wUE4Dmge/4unykE+wu5CcE+A6XU7M5Zw4e8JdPK3ucviUu4ua5yigwFIEDNpLYfeiCuQrUBG0Tw7wxJxG1fNa7D6H/pUAN+6zw6n25VPuqc6MdSmgQF8CBu2+JO1HgTURqAiox4bZVtxZHBGK7zj/Todii7XVxRbsFzL78sqfMfsM3sEd+mp7ymXMtjk/G/ju/Ksvb5viVvVtB1a09yl3FzXPUUCBqQsYtKc+Q9anwMQEKoL2jQN8ZWKllpYT4QTgxMRatwXrAN/faB9nOyp+PvH8oZsVG75cJ8BFQ19orP57eMpd/MvKq1blF5Cx3L2OAgoMI2DQHsbVXhVYSYEIVwKKT/htPWo/YzcVjAgpOz0W5V4tlGy7HuHD810UpzKkoo7vBbj6lArqq5YFnnJ/Dyhezi27V/sqz34UUECBRgGDdiORDRRQYEMgwu8CH9oqksNXMubfei4+39d0HBhmu0JuPyLcCfhE04lL/PktAhRbwa/k0fEp908C7LWSIA5KAQWyETBoZzNVFqrA8gUiPBN4YW5BO8LV2LT8o0byNmHTspAIu8zXRf/W8vXrK8jhl50+DFs+5b5+gG/0cV37UEABBboIGLS7qHmOAmsqEOHdwJE5Be0IOwG/SpiyIwOcvtEuwgOAv004r67Jccy+Lb7tT5ht7b7tiLOvtLxiwf43n/6KAE/usb9Jd5X6lHtdfgGZ9GRZnAJrLGDQXuPJd+gKtBWIUKx93TezoB0TxvmEAH8xD8BXBoqXDFOOQwOc2WUr9Qh/DRS7JrY9Hg6cWnHSvptf3Gzbca7tG55yHx7g47mOzboVUCBvAYN23vNn9QqMKhBnn7Xbe8tFLw6wx6iFJF4s8TN+bw/w4HnILp4I/3lC9+8KcNRGu45B+0vATcp+aYlwLPDGmjq+CNys7Ofr+gQ3wq2Bz2mScPfaRAEFRhMwaI9G7YUUyF+gS6Bc1qgTP+N3SYArRvhN4N8Sa712gO9sbtvFpemcCMXfz8W3s9sexwR4a9uTVqF9zSZETw1pv0CtAoNjUECBCQkYtCc0GZaiwNQFmsLhVOpP/Yxf8fQ3winAYxNqf36A55S16+JScc7Xw6bNb+YvY15SUdtpwDEVP7tGgPMSxrRSTSLsB5xfMaidwral8R4KKKDAeAIG7fGsvZIC2Qt0CZRjD7rFZ/yKUFbstFisyW469gmzZTOlRxeXinOKnR6P3nyRCLcHPtVU4JafnxrgES3PWYnmEYplNTctGcz7AxyxEoN0EAookI2AQTubqbJQBZYv0CVQjll1i8/43ZHZNuxNxyNC9YuH28/t4lJxztMDvHRrUXG2FGSHAN5Q+HcCXLtpcKv48whXBH5eMbZiF81zVnHcjkkBBaYpYNCe5rxYlQKTFOgSKMccSM0a3c1l/PdiW/WGuoodBYun2L9Iqb+LS8U5dw+z3ScvdySObeO8fw1wg5TaV7FNhFcDjy4Z25vC7EVTDwUUUGAUAYP2KMxeRIHVEOgSKMcaeYQTgRMarveRhC3UK8NuVd9tXWq+7b1HgIsrgvY1gXMTPV8f4FGJbVeyWcWcFN8yv+5KDthBKaDAJAUM2pOcFotSYJoCbQPlmKNIeOJbrLEudoisOopNZQ4KHb700dYlzj7rV3zeb4ej6dN8LTa5eWKAk8f0n9q1KubkCwFuObVarUcBBVZXwKC9unPryBToXaBtoOy9gJoOE4J2XTlPCvDKrvW2dan6TnZT0C7qSxznXQJ8out4VuG8CqcXBXjWKozPMSigQB4CBu085skqFZiEQNtAOVbREf6U7k9w7xjgk4vU2tYlzrZeL7Zg3+FIDNq7AFWf/Nvob88AxTrztT0q5uS+Ad67tigOXAEFRhcwaI9O7gUVyFegbaAcY6QR9gR+3PFavxngPzqeu/20ti4R/i9QfPmkddAuTmj65F9KYF90zFM+v2YN/H4BLphy7damgAKrJWDQXq35dDQKDCrQNlAOWsy888SlFGWl7Brg0j5qbOsSZ78YFL8gdAra87Bd+ck/g/a2ddhnLOLbx31hHwoooIBB23tAAQWSBdoGyuSOOzasWoLR0N1ZAW7Y8ZKlp7V1qWh/foD929RV80vGZ8Jso5u1PCI8DniVQXstp99BKzApAYP2pKbDYhSYtkCEzwO3mkKAiXBb4LMtxV4e4Cktz2ls3talIiD/fYB7Nl5sU4MIHwUOrzjnbgGKzxmu3RHhbcCDpnCfrh2+A1ZAgR0EDNreEAookCwQ4STgqSUnHBLgX5I7WrBhhN2An7Xs5qgA72p5TlLzCM8Fji9pfOcwW4+9w9HXFzGqlqBsutjuoXqXxKSx5dio7b8w5DhGa1ZAgTwEDNp5zJNVKjAJgZqXzH4Q6r9R3Wv9HdZl3yjAV3stIi08U7ZeuqL+1r8IpDis23rtmuVE3wxwvSHvAftWQAEFtgoYtL0nFFCglcCynxZ2WJd95dD9qyTJNhG+Tvm255d76bLC8HoBvpl6wQj7At9LaP+cAM9PaJd9k4blRHcI8OnsB+kAFFAgKwGDdlbTZbEKLF8gwl0pX/s7+G6Ebddlj/k0N8IBwDklM/SWAH+48d8jXAv4bslTj1Z/H0d4I3Bs4h1R7Hh5dmLbLJs1LCdq/aJplggWrYACkxNo9Rf75Kq3IAUUWIrAMp5qt1yX/f4AR4yNk+IS4b7A6T0E7dhyfL19zrDldUdp3rCMZqew7fPjHgoooMC4Agbtcb29mgIrIRDh48CdSwazR4CLhxhkynrk+XVPC/DQIWpo6jPOvmjyspJ221+KjHAicMIiQTvCzsAvS65zKvDwijpPCnBc0xhy/HnDcqLrBvh2juOyZgUUyF/AoJ3/HDoCBUYXiLPvPZ9XcuF3B3hA3wW1WZc95nKRsnE2PdWOs6fZxVPtHY42dUd4JvDCkutfGSj+nFvysx8FuErfc7Ps/hqWEz0uwF8uu0avr4AC6ytg0F7fuXfkCiwk0BQoF+p808kRbgd8JrW/NoE1tc827WpeitwtwC962hWydBnExtjHmps2LkO0bVhOdE6A6wxxXftUQAEFUgUM2qlStlNAgR0EqpZAAL19UzvCLsAlLejPCCUb6rQ4f+GmNS9FbvvUX0UIbrVbZUUf23eDXKOgXbfu2nXZC9/NdqCAAosKGLQXFfR8BdZUYIxvakf4T+DqLYhPDvDEFu0HaVqznvyLwM1KLvqSAM9IKSbC/YG/K2l7cJh9YrB466/2iXfKdabexnXZU58h61NAgULAoO19oIACnQWGDHQRbg58oWVxxwZ4U8tzem8e4YG024Vy27KSlEIi/AC46ta2m5fMDDkvKTUO3cZ12UML278CCvQlYNDuS9J+FFhDgSG/qd3iKyOb5W8c4CtTmIoIFwJ7p9TSZl15hcuFAfbZuNYqB+04e6HzogpX12Wn3HC2UUCB0QQM2qNReyEFVlNgiFAX4eXAkzqI7Rzgsg7nLXxKhN9h9sWVH/Hr7ej/NKHj0wMcmdCuWA9yCPDlkrZHhk3f5h5iTlLqG7pNnC0jKpYTVR2uyx56EuxfAQVaCRi0W3HZWAEFtgr0/U3tOHsye0EX6TZPhrv0X3bOPPwVuy7usUCf7wf+oOkb5KkBOrXdAvWOfmqcfUHkWzUX9nvZo8+KF1RAgSYBg3aTkD9XQIFagZpvan8nwLXb8nVcMrLtMmMH7YZlDG2HXrQvXmK8UYCvlfxC8z7g3mWdbh33qgXtCLcEzqgBPTHAc7uAe44CCigwpIBBe0hd+1ZgTQRqwvHdA3w4lSHC0cBbE9p/Cbjp1nZjBu0BQvbW4TwnwPPn6fshwGkVLrcN8LnNP1uloB3hcOCjNffEPwe4RcI9YxMFFFBgdAGD9ujkXlCB1ROI8EjgdRUj2z3Az5tG3bD5yNbTz6HkaflYQTvCFUkYU9OYE37+78ARwJlVbcvGvCpBO0LdLxgFyXsC3C/B0SYKKKDAUgQM2kth96IKrJ5A3ZKPlAC8yJKRueYvAuw2hmyElwJPG+NaDdfYNcClW9usQtCOULxIenLN+F8T4DETmANLUEABBSoFDNreHAoo0ItAwxPpp4TZl0RKjwiV649bFPepMPvyx+BHzaf7TgpwXGrwXbDQGwT417I+cg/aEZ4HPKfG588CvHhBP09XQAEFBhcwaA9O7AUUWB+BCHcD/qFixPsHOL8khDYtD0gFHG1XyDZBNsJe80/+pY4jpd0xoWYte5v6Ui42Zps4W4te3BNVx6MCvH7MmryWAgoo0FXAoN1VzvMUUKBUIM5ezLt12Q9Lvo5xfeCsnihH2xUywg+BK2+p+0dhtpnKDkeEv6J8iUPxhP/JHcb+1gDH1J2Xa9COs5cei5cfq457BfhgBzNPUUABBZYiYNBeCrsXVWC1BWrWW78uwB9vjL5hXfauwCUtpEbbFbJNkK1r22Wt9yLr3VPObeHda9OKX142X+MOAT7d60XtTAEFFBhYwKA9MLDdK7COAhEOAr5RMfZDA5wZ4W3AgyrabFt/3PIFydF2hYzwKuBxW2o/JcDjt46nYgzbd4NsGbZLX35MvObo3xlPvfcT5vmGob9/+Ugty3YKKKDAwgIG7YUJ7UABBcoEIpwEPLVC5wrALyt+tn39cUIA297FmE9rI9wW+OyW+m8X4B83/7c4e3r/mpJxHhDguxv/PTFsnxng0JS7rc0T95T+hmoTYZeEf7W4VoB/G6oG+1VAAQWGFDBoD6lr3wqsuUBNUC5eirx6Cc/nA9xmUwAtdkpMOuqCdoSbAA8Eio1uiu3Svxngx0kdVzSaf+P5XvMff6Ds5cQ2gTfCucA1a2p6ZIA3pNTc5rop/fXdJs7Wt78d+L2Gvq8S4Ed9X9/+FFBAgbEEDNpjSXsdBdZQIMLewIWpQ0/dSrysv83nzreFf0bHlw2L7i8rwvg8lH9/vhnPx8Nsi/TkoyLwnhvgtzZ30rAxy0+BN5YtS6kqZKpBO8JdgI8lAiZtdJTYl80UUECBpQgYtJfC7kUVWB+BhN39tmOUBO0vADdP1CrWTV9ujXTiuW2aFRvV/EVoeFEzwsHAV0s6vluAj2z89wi1X17psiRmSkE7QrFM6BUla9rrzEdbb99m4m2rgAIKtBUwaLcVs70CCrQWiHAesH/DiX8SZp/C235EOAp4R+sLjndCsRTlcQE+ufWSET4P3Grrf9/y5L1pjXLSy48l1y598t4ltHelnP+iUbjs06aPMWtsU5dtFVBAgS4CBu0uap6jgAKtBCLsXPPy47a+qgJWhO8B+7a64PIavwkodi38j5Snyg0ve1bu/Ng0vJRrN/XR9ecRngK8rMP5rwqzbdc9FFBAgZURMGivzFQ6EAWmLRDhlsAZVVXWBO3i76lizfQqHMcH+B/FQBq2na/d+bEJYuygHWE/4H1sepG1qcZNP38/8OAAP2lxjk0VUECBLAQM2llMk0UqsBoCcbYMpFgOUnbcJMCXy34Q4TrAtzoq/Dnw4s3bv0fYidkLiQeW/Cm+Ad5quUOLuu4a4GMN69Ybd35sut5YQTvC/YD/3VRPxc//IMA7O57raQoooEAWAgbtLKbJIhVYHYGG5RKvDfDoirD9WOCUBInLBeuEc2qbzF9YfNH8E4GLdld7fh9rlIcM2hF2Y/aZwaM7QJxVbLEe4N87nOspCiigQHYCBu3spsyCFchbIM6+i7xXwyh22NBlo22EbwPXrjl3vwAXDC0U4UjgpcD1er5Wp5cft9YwRNCOs81yPsfsXwPaHicGeG7bk2yvgAIK5C5g0M59Bq1fgcwEWuz2uH0986agXbteu4+nwW05I+wx3wGzjyD55DD7FN5CR19BO257R5XnAc/uUNCvik8zVi0H6tCfpyiggALZCRi0s5syC1Ygb4EIP2S2M2DqcbUAP9gUtus2jXllgCeldjxEuxa/SNRd/qEBTuta36JBO87Wrxff+i6+8d32eAtQ7GJ5SdsTba+AAgqsmoBBe9Vm1PEoMHGBjkH0UQFeXwwt4fzbBfjHZTBEuBJQ7OTY13HPAH/ftrO2QTvCFZl9FeaR8z9tL1m0v3eAD3Q50XMUUECBVRUwaK/qzDouBSYqULWRS2K5uwM/S2i7Z+g38NZeMsJN558uLHZBHOJo9ctDzS8j7wIOA67ZU5HFLzTFLwPb/8Whp37tRgEFFFgJAYP2Skyjg1AgH4EIJwAnjlDxEcA35sH85xv/G+DSvq4d4U+Av+zQ32eB+wBF8L1zi/N/O8DXNtpvehJdhOeNP32F6Lqynhjg5BZ121QBBRRYSwGD9lpOu4NWYHkC8xfs/ha4//KqWNqVi3XLxVdXNoJ/8XS+CP43Aoqn9VM+iq+5HBZmv7x4KKCAAgokCBi0E5BsooACwwhEuBmzr2zcZZgr2GsPAsWT6+JrKKuyO2cPJHahgAIKpAkYtNOcbKWAAgMLRNiV2RdDXjzwpew+TeAOAT6d1tRWCiiggAJlAgZt7wsFFJikgE+7B5+WYvOZz2z8CfCdwa/oBRRQQIE1EzBor9mEO1wFchSIcAvgzBxrn1DNRwY4fUL1WIoCCiiw8gIG7ZWfYgeowOoIxNkn+4pvVfd9nAf8RodOixcEiy+IXBc4pOT87zP7RnXxouPOHfrv85Tr+yJjn5z2pYACCjQLGLSbjWyhgAITEYhwPNDHVueLjmiH7eHj7EXBy/19OsSW8F0/KThELYsier4CCiiw6gIG7VWfYcenwAoJRLg98KklDuk2AT6/9foVG8ScG2ZbmQ9yRHgJcFxq5wbtVCnbKaCAAv0JGLT7s7QnBRQYWGD+De6qz8w9e/5t7kN7LqNYGnKPMPv+9eWOCAcDXy350d0CfKTnWnbobu7xdeD6TdcxaDcJ+XMFFFCgfwGDdv+m9qiAAgMK1Gwv/tUw2/hl+xHhQOAo4MHAzVuWtcPykKpzq7aUHzPYRngE8PqG8e0W4BctDWyugAIKKEzy28UAAA4iSURBVLCAgEF7ATxPVUCB8QVqgnZRzP4Bzq8JxcXLiVdrqLp0eUhNn7HsZ2MG7eL6EW5FybKWLbUdEOC748+aV1RAAQXWU8CgvZ7z7qgVyFagIWgXbyTW/r0WZxviPL0B4AoBftWEFGGv+ZbqW5smPQ1v6r/tzyNcFfhBw3n3CvDBtn3bXgEFFFCgvYBBu72ZZyigwBIFIpwLXLOmhJsG+P91JUa4J/CBhmFcI0Dx2b/KI8JfAY8pabC0ZRpNv4jMaz0hwPOWOI1eWgEFFFgLAYP2Wkyzg1RgdQQivBE4tm5ETU+1i3Pj7IsgTbsh1j79rQq1KdcfakYSg3Zx+U8GuONQddivAgoooEDDP7EKpIACCkxNIMJDgTc31HWfAO9rqj3CLsAlDe1eEuAZZW0qQu3pAY5suvZQP28RtDdKWNrT96EM7FcBBRSYioBPtKcyE9ahgAJJAonrkBvXam++WIR3zL9OUlXDeQGuseWcPwZeU3LCUl847BC0iyEsteakibeRAgookKGAQTvDSbNkBdZdIDFMHhfgpFSrxE/k7R3goqLPMXeDTB3DvK6yr6AcA5zW0I8vSbaBtq0CCiiQIGDQTkCyiQIKTEsgMWgXRe8e4Oep1Ue4CfClhva3DvBPy9gNMmUcFXUVG9qcTfOXVHxJMgXZNgoooECigEE7EcpmCigwHYEWQbvVEpL5E+GqT/ZtBnhpxfbng+8GWTcLEfYEfry1zeaXMyOcCjyspp8zwuyb3B4KKKCAAgsKGLQXBPR0BRQYXyDCD4ErJ175HQEelNh2e7MIZ6Vsbb6532V+bWT+S8Idiq+J1AXtebumnSQvDrBHWzPbK6CAAgrsKGDQ9o5QQIHsBCLcH/i7FoU/MLRrv63rCMcDz029zgSC9qOBVzcF7fnYmnaSfGSAN6SO3XYKKKCAApcXMGh7VyigQJYCbZaPzAe4X4AL2g42wuHARxPOOwe4ZYALE9oO0iTCK4EnpATtediu3Uly2b84DIJkpwoooMCIAgbtEbG9lAIK9CeQ+A3sHS7YNThGOBD4ZovqbxzgKy3a99I0wj8Ad0sN2vOwvVPVS5JdvXoZjJ0ooIACKyBg0F6BSXQICqyrQITbA59qMf5zw2xHyOQjwlWYf9Iv+aRfNxz1k3kRLgWu0CZoz8N26Zb0Bu0OM+4pCiigwCYBg7a3gwIKZC0Q4a3A0S0G8bQAL0tpv2DI3nyJZwd4Qco1u7aJcGfg4yXnnx3goLp+42yX4MtK2tw8wBe71uR5CiigwLoLGLTX/Q5w/AqsgECH9do3Cw3fy04I2R8C7tGS753AMWH25Lm3oyYoF9f43TBbUlJ7VBi+LMDTms715woooIAC5QIGbe8MBRTIXiDCNYFzOwzkn+bbqJ8W4OKN8xNC9kkBjivaR7gT8ImW1y4+HXhYXy9ORvgycEhZDanLPyqC9vkB9m85NpsroIACCswFDNreCgoosBICEZ4IvKKHwXwBuEVNP9tD9uY2Ea4LFOcWa7rbHAu9OFmzZKSoYZ/UMF8V1lODepsB21YBBRRYFwGD9rrMtONUYA0EOiwhaatSGrK3BO5id8b3M3vS3eZo/eJkw5KRZwV4UWoBEZ4B/M+t7Q3aqYK2U0ABBS4vYND2rlBAgZUR6PLJvxaDbwzZWwJ38ffrycDjW1yjaFqs4356gG83ndfHkpGNa0S4OvCfJdfcte815U3j8ucKKKDAqggYtFdlJh2HAgpsE+jwyb8UuVYhe2uHER4FvDblQhVtzpwH8LdtBPC+loxs+eUgllz/2ABvWqB2T1VAAQXWVsCgvbZT78AVWF2Bhk/+XQm4K/AY4D4JCv8rwGMT2jU26fjiZGO/Wxq0WjKycW6Eql0izwxwaNsibK+AAgooMPt2qocCCiiwcgIN67UPCnD2ppBZ7I5YbNqyOXz/CDg+zLY17/VY4MXJ1DqKXSk/DbwX+GKA79SdWBOyi9M+Ekp2m0wtxHYKKKDAOgsYtNd59h27AisskPDJvwcEePcyCSIUL05+ALjjkur4KfA16p9YPzzAG5dUn5dVQAEFshYwaGc9fRavgAINT2qPB55b0+aU0P5lxd7RI+wMfBK4Xe+dL9Zh8X3wu4byXSMX69mzFVBAgTUQMGivwSQ7RAXWWSDOPrV3rxqDnwTYa0pGEQ4Ejpr/Wdb66FcGeNKUXKxFAQUUyE3AoJ3bjFmvAgq0FohwNPDWhhP3DnBR685HOqHhKyN9V2HI7lvU/hRQYC0FDNprOe0OWoH1E4hww/l65LrB3zpAsS37pI6mjWmAt/f4BPy1AR49KQCLUUABBTIVMGhnOnGWrYAC7QUi7A5c3HDm4wOc0r734c5YdGOaCAcANwIOmf/Z+L+LlzE3juIrK88P8NLhRmLPCiigwHoJGLTXa74drQIKzDa1+SJw0xqMzwY4bApYQ2xMM4VxWYMCCiiwDgIG7XWYZceogAKXE4hwHPCSBpqPAsVnAH+4DMKmJSMBXrSMurymAgoooECagEE7zclWCiiwggItt2u/X4D3jMmw6JKRMWv1WgoooIAClxcwaHtXKKDAWgtE2Bf4XguEUZ5yu2SkxYzYVAEFFJiogEF7ohNjWQooMJ5AhGIL9l91uOIgT7ldMtJhJjxFAQUUmKCAQXuCk2JJCiiwHIEIpwIP63D1Xp9yu2Skwwx4igIKKDBBAYP2BCfFkhRQYHkC808AvhY4pmMVCz3ljvBQ4M0V194nwIUd6/I0BRRQQIGRBQzaI4N7OQUUyEcgwuFA8bS6y1H5lHse5u8O3G/+Z5+ECzzLr4wkKNlEAQUUmJCAQXtCk2EpCigwTYEennJ/DTh4kdEF8O/rRQA9VwEFFFiCgH9xLwHdSyqgQL4CCz7l7jpwl4x0lfM8BRRQYIkCBu0l4ntpBRTIV6CHp9ypg/+bAA9JbWw7BRRQQIHpCBi0pzMXVqKAApkKDPSUOwJvAY4N23aN91BAAQUUyE3AoJ3bjFmvAgpMVmDBp9zvBU4H3u2XRSY7xRamgAIKtBIwaLfisrECCiiQJlDxlPuseZguAvVnAlyW1putFFBAAQVyFDBo5zhr1qyAAgoooIACCigweQGD9uSnyAIVUEABBRRQQAEFchQwaOc4a9asgAIKKKCAAgooMHkBg/bkp8gCFVBAAQUUUEABBXIUMGjnOGvWrIACCiiggAIKKDB5AYP25KfIAhVQQAEFFFBAAQVyFDBo5zhr1qyAAgoooIACCigweQGD9uSnyAIVUEABBRRQQAEFchQwaOc4a9asgAIKKKCAAgooMHkBg/bkp8gCFVBAAQUUUEABBXIUMGjnOGvWrIACCiiggAIKKDB5AYP25KfIAhVQQAEFFFBAAQVyFDBo5zhr1qyAAgoooIACCigweQGD9uSnyAIVUEABBRRQQAEFchQwaOc4a9asgAIKKKCAAgooMHkBg/bkp8gCFVBAAQUUUEABBXIUMGjnOGvWrIACCiiggAIKKDB5AYP25KfIAhVQQAEFFFBAAQVyFDBo5zhr1qyAAgoooIACCigweQGD9uSnyAIVUEABBRRQQAEFchQwaOc4a9asgAIKKKCAAgooMHkBg/bkp8gCFVBAAQUUUEABBXIUMGjnOGvWrIACCiiggAIKKDB5AYP25KfIAhVQQAEFFFBAAQVyFDBo5zhr1qyAAgoooIACCigweQGD9uSnyAIVUEABBRRQQAEFchQwaOc4a9asgAIKKKCAAgooMHkBg/bkp8gCFVBAAQUUUEABBXIUMGjnOGvWrIACCiiggAIKKDB5AYP25KfIAhVQQAEFFFBAAQVyFDBo5zhr1qyAAgoooIACCigweQGD9uSnyAIVUEABBRRQQAEFchQwaOc4a9asgAIKKKCAAgooMHkBg/bkp8gCFVBAAQUUUEABBXIUMGjnOGvWrIACCiiggAIKKDB5AYP25KfIAhVQQAEFFFBAAQVyFDBo5zhr1qyAAgoooIACCigweQGD9uSnyAIVUEABBRRQQAEFchQwaOc4a9asgAIKKKCAAgooMHkBg/bkp8gCFVBAAQUUUEABBXIUMGjnOGvWrIACCiiggAIKKDB5AYP25KfIAhVQQAEFFFBAAQVyFDBo5zhr1qyAAgoooIACCigweQGD9uSnyAIVUEABBRRQQAEFchQwaOc4a9asgAIKKKCAAgooMHkBg/bkp8gCFVBAAQUUUEABBXIUMGjnOGvWrIACCiiggAIKKDB5AYP25KfIAhVQQAEFFFBAAQVyFDBo5zhr1qyAAgoooIACCigweQGD9uSnyAIVUEABBRRQQAEFchQwaOc4a9asgAIKKKCAAgooMHkBg/bkp8gCFVBAAQUUUEABBXIUMGjnOGvWrIACCiiggAIKKDB5AYP25KfIAhVQQAEFFFBAAQVyFDBo5zhr1qyAAgoooIACCigweQGD9uSnyAIVUEABBRRQQAEFchQwaOc4a9asgAIKKKCAAgooMHkBg/bkp8gCFVBAAQUUUEABBXIUMGjnOGvWrIACCiiggAIKKDB5AYP25KfIAhVQQAEFFFBAAQVyFDBo5zhr1qyAAgoooIACCigweQGD9uSnyAIVUEABBRRQQAEFchQwaOc4a9asgAIKKKCAAgooMHkBg/bkp8gCFVBAAQUUUEABBXIUMGjnOGvWrIACCiiggAIKKDB5AYP25KfIAhVQQAEFFFBAAQVyFDBo5zhr1qyAAgoooIACCigweQGD9uSnyAIVUEABBRRQQAEFchQwaOc4a9asgAIKKKCAAgooMHkBg/bkp8gCFVBAAQUUUEABBXIUMGjnOGvWrIACCiiggAIKKDB5gf8CZupzhwk9HsUAAAAASUVORK5CYII=');
INSERT INTO Post (id, userId, longitude, latitude, regionId, title, content, upVotes, downVotes, image) VALUES (4, 2, 0, 0, 4, 'London Stock Exchange replaced by dogs', 'Since computers now control the stock market, the london stock market has been replaced by servers with dogs guarding them from competition. The only purposes now of the bankers is to feed the dogs.', 2, 0, 'data:image/png;base64,iVBORw0KGgoAAAANSUhEUgAAAtoAAAEsCAYAAAD9zRSqAAAgAElEQVR4Xu3dCbQtRX3v8W+BIAioCEiMBhUciDjjhMYBn8aoqKghipjgFF1R44xGnwL6HJ6KUYnkxRGjYpwSH47xxfE9p2jA6NOoRFGUJAQRcUIFpbL67n2u5x56qO7d3btr72+vdZcJp7r6X5/qddfv9K3uCngooIACCiiggAIKKKBA7wKh9x7tUAEFFFBAAQUUUEABBTBoexMooIACCiiggAIKKDCAgEF7AFS7VEABBRRQQAEFFFDAoO09oIACCiiggAIKKKDAAAIG7QFQ7VIBBRRQQAEFFFBAAYO294ACCiiggAIKKKCAAgMIGLQHQLVLBRRQQAEFFFBAAQUM2t4DCiiggAIKKKCAAgoMIGDQHgDVLhVQQAEFFFBAAQUUMGh7DyiggAIKKKCAAgooMICAQXsAVLtUQAEFFFBAAQUUUMCg7T2ggAIKKKCAAgoooMAAAgbtAVDtUgEFFFBAAQUUUEABg7b3gAIKKKCAAgoooIACAwgYtAdAtUsFFFBAAQUUUEABBQza3gMKKKCAAgoooIACCgwgYNAeANUuFVBAAQUUUEABBRQwaHsPKKCAAgoooIACCigwgIBBewBUu1RAAQUUUEABBRRQwKDtPaCAAgoooIACCiigwAACBu0BUO1SAQUUUEABBRRQQAGDtveAAgoooIACCiiggAIDCBi0B0C1SwUUUEABBRRQQAEFDNreAwoooIACCiiggAIKDCBg0B4A1S4VUEABBRRQQAEFFDBoew8ooIACCiiggAIKKDCAgEF7AFS7VEABBRRQQAEFFFDAoO09oIACCiiggAIKKKDAAAIG7QFQ7VIBBRRQQAEFFFBAAYO294ACCiiggAIKKKCAAgMIGLQHQLVLBRRQQAEFFFBAAQUM2t4DCiiggAIKKKCAAgoMIGDQHgDVLhVQQAEFFFBAAQUUMGh7DyiggAIKKKCAAgooMICAQXsAVLtUQAEFFFBAAQUUUMCg7T2ggAIKKKCAAgoooMAAAgbtAVDtUgEFFFBAAQUUUEABg7b3gAIKKKCAAgoooIACAwgYtAdAtUsFFFBAAQUUUEABBQza3gMKKKCAAgoooIACCgwgYNAeANUuFVBAAQUUUEABBRQwaHsPKKCAAgoooIACCigwgIBBewBUu1RAAQUUUEABBRRQwKDtPaCAAgoooIACCiigwAACBu0BUO1SAQUUUEABBRRQQAGDtveAAgoooIACCiiggAIDCBi0B0C1SwUUUEABBRRQQAEFDNreAwoooIACCiiggAIKDCBg0B4A1S4VUEABBRRQQAEFFDBoew8ooIACCiiggAIKKDCAgEF7AFS7VEABBRRQQAEFFFDAoO09oIACCiiggAIKKKDAAAIG7QFQ7VIBBRRQQAEFFFBAAYO294ACCiiggAIKKKCAAgMIGLQHQLVLBRRQQAEFFFBAAQUM2t4DCiiggAIKKKCAAgoMIGDQHgDVLhVQQAEFFFBAAQUUMGh7DyiggAIKKKCAAgooMICAQXsAVLtUQAEFFFBAAQUUUMCg7T2ggAIKKKCAAgoooMAAAgbtAVDtUgEFFFBAAQUUUEABg7b3gAIKKKCAAgoooIACAwgYtAdAtUsFFFBAAQUUUEABBQza3gMKKKCAAgoooIACCgwgYNAeANUuFVBAAQUUUEABBRQwaHsPKKCAAgoooIACCigwgIBBewBUu1RAAQUUUEABBRRQwKDtPaCAAgoooIACCiigwAACBu0BUO1SAQUUUEABBRRQQAGDtveAAgoooIACCiiggAIDCBi0B0C1SwUUUEABBRRQQAEFDNreAwoooIACCiiggAIKDCBg0B4A1S4VUEABBRRQQAEFFDBoew8ooIACCiiggAIKKDCAgEF7AFS7VEABBRRQQAEFFFDAoO09oIACCiiggAIKKKDAAAIG7QFQ7VIBBRRQQAEFFFBAAYO294ACCiiggAIKKKCAAgMIGLQHQLVLBRRQQAEFFFBAAQUM2t4DCiiggAIKKKCAAgoMIGDQHgDVLhVQQAEFFFBAAQUUMGh7DyiggAIKKKCAAgooMICAQXsAVLtUQAEFFFBAAQUUUMCg7T2ggAIKKKCAAgoooMAAAgbtAVDtUgEFFNgQiHBX4B7z////BPiIOgoooIAC6yFg0F6PeXaUCigwskCEKwLfAK615dLnAQcEuHTkkrycAgoooMDIAgbtkcG9nAIKrIdAhHcAR1WM9n0B7rMeEo5SAQUUWF8Bg/b6zr0jV0CBAQUixLruA/j374D+dq2AAgpMQcC/6KcwC9aggAIrJRDhTsAnGgZ1UICzV2rgDkYBBRRQYAcBg7Y3hAIKKNCzQNPT7PnlvhTgZj1f2u4UUEABBSYkYNCe0GRYigIK5C8QYRfgkpSRuHwkRck2CiigQL4CBu18587KFVBgggIRTgMeklja7QN8JrGtzRRQQAEFMhMwaGc2YZargALTFkhcNrIxiAsC7DftEVmdAgoooEBXAYN2VznPU0ABBUoEKoL224AHl4G5fMTbSAEFFFhdAYP26s6tI1NAgZEFIjwQeFfJZa8CHMFsWcnW4/cCfGjkUr2cAgoooMAIAgbtEZC9hAIKrIdAhG8B19k62o2n1lXLSnyqvR73h6NUQIH1EzBor9+cO2IFFBhIoCJInx9g/+KSEX4M7FkVxAcqy24VUEABBZYkYNBeEryXVUCB1RKIsBvws5JR/VGAN8+D9mHAp0vaPD7AKasl4mgUUEABBQza3gMKKKBADwIRngc8p+lptctHesC2CwUUUCATAYN2JhNlmQqsk0CEQ4DHABcONO6rzfvts/8TKmo9GvgBcNH8fz8IHFjSducAlw00XrtVQAEFFFiCgEF7CeheUgEFfi0QZ2uWizD6aOBW2iQJFIF8c3jfCPHF/+4EnAW8KcB5Sb3ZSAEFFFBgEAGD9iCsdqqAAmUCEQ6eh+p7A4eqNKrAW4rwDXw4bHsv00MBBRRQYGgBg/bQwvavwJoLRCj+nnkD8LA1p5ji8M+Yh+83h9kTcg8FFFBAgR4FDNo9YtqVAgr8WmAesF8HPEKXrAR+Og/fxdKTz2ZVucUqoIACExMwaE9sQixHgdwFDNi5z2Bl/R8H/hp4R4CLV3aUDkwBBRToUcCg3SOmXSmwzgI9Bez3Aq8GPjjFL3BEeBbwgtR5rtvxMcI7gd8v6av4ROAuwFWBvSv+d4/UGgZuV7xsWaz7fk2Abw58LbtXQAEFshMwaGc3ZRaswLQE5gG7CI0PbFnZpEP11rFEeCHwzDZjbAjaRVj+SUl/7w7wgDbXKWsb4bbAscAfAWMH8/fMn36/N8Cli47F8xVQQIFcBQzauc6cdSswAYEI+wBfA/ZNLKdYevDwnL56EWdPlju9KFgXtAuvis1rLgqzJ9m9H3E2T8WnFIvwPfanFL8FvBg4NcAlvQ/ODhVQQIEJChi0JzgplqRALgJVuxyW1J9dwJ4H4eIp/bsa5uOfgZuXtekYtIvPtIz2d3OcfXf7v83D90NHuvf+H3CfAD8c6XpeRgEFFFiKwGh/mS9ldF5UAQUGE4izT/Y9vOECuQbs4u/G4gnstRvG94IAz+66rXrX8wab1E0dRzgA+MN5AL/BgNe8X4BiqYmHAgoosHICBu2Vm1IHpMDwAhHuAnys5kpZBuxiPBF2Ay5IWNd8j/nmL5d1Dcxdzxt+hsuvEGFX4Ij52u/79lzHR4EH+JS7Z1W7U0CBpQoYtJfK78UVyE9gHrZ+UVF58Q3mvXJag711HC2Ww6RM3s51X0/JLWhXDTjCb8/Dd/Hy5W+kwDS08Sl3D4h2oYACyxcwaC9/DqxAgawEIrwSeEJF0TtlHrL/hVloHOoovjJS7Mb4cuB9wC/LLjTmGu2hBhphz/nnC4sXLw/veB2fcneE8zQFFJiGgEF7GvNgFQpkI1DzxPe6Ab6dzUDmhUY4DCheAnzsVGpfhaC91TLC7sBrgWM6OvuUuyOcpymgwPIEDNrLs/fKCmQpUBG0zw5wUE4Dmge/4unykE+wu5CcE+A6XU7M5Zw4e8JdPK3ucviUu4ua5yigwFIEDNpLYfeiCuQrUBG0Tw7wxJxG1fNa7D6H/pUAN+6zw6n25VPuqc6MdSmgQF8CBu2+JO1HgTURqAiox4bZVtxZHBGK7zj/Todii7XVxRbsFzL78sqfMfsM3sEd+mp7ymXMtjk/G/ju/Ksvb5viVvVtB1a09yl3FzXPUUCBqQsYtKc+Q9anwMQEKoL2jQN8ZWKllpYT4QTgxMRatwXrAN/faB9nOyp+PvH8oZsVG75cJ8BFQ19orP57eMpd/MvKq1blF5Cx3L2OAgoMI2DQHsbVXhVYSYEIVwKKT/htPWo/YzcVjAgpOz0W5V4tlGy7HuHD810UpzKkoo7vBbj6lArqq5YFnnJ/Dyhezi27V/sqz34UUECBRgGDdiORDRRQYEMgwu8CH9oqksNXMubfei4+39d0HBhmu0JuPyLcCfhE04lL/PktAhRbwa/k0fEp908C7LWSIA5KAQWyETBoZzNVFqrA8gUiPBN4YW5BO8LV2LT8o0byNmHTspAIu8zXRf/W8vXrK8jhl50+DFs+5b5+gG/0cV37UEABBboIGLS7qHmOAmsqEOHdwJE5Be0IOwG/SpiyIwOcvtEuwgOAv004r67Jccy+Lb7tT5ht7b7tiLOvtLxiwf43n/6KAE/usb9Jd5X6lHtdfgGZ9GRZnAJrLGDQXuPJd+gKtBWIUKx93TezoB0TxvmEAH8xD8BXBoqXDFOOQwOc2WUr9Qh/DRS7JrY9Hg6cWnHSvptf3Gzbca7tG55yHx7g47mOzboVUCBvAYN23vNn9QqMKhBnn7Xbe8tFLw6wx6iFJF4s8TN+bw/w4HnILp4I/3lC9+8KcNRGu45B+0vATcp+aYlwLPDGmjq+CNys7Ofr+gQ3wq2Bz2mScPfaRAEFRhMwaI9G7YUUyF+gS6Bc1qgTP+N3SYArRvhN4N8Sa712gO9sbtvFpemcCMXfz8W3s9sexwR4a9uTVqF9zSZETw1pv0CtAoNjUECBCQkYtCc0GZaiwNQFmsLhVOpP/Yxf8fQ3winAYxNqf36A55S16+JScc7Xw6bNb+YvY15SUdtpwDEVP7tGgPMSxrRSTSLsB5xfMaidwral8R4KKKDAeAIG7fGsvZIC2Qt0CZRjD7rFZ/yKUFbstFisyW469gmzZTOlRxeXinOKnR6P3nyRCLcHPtVU4JafnxrgES3PWYnmEYplNTctGcz7AxyxEoN0EAookI2AQTubqbJQBZYv0CVQjll1i8/43ZHZNuxNxyNC9YuH28/t4lJxztMDvHRrUXG2FGSHAN5Q+HcCXLtpcKv48whXBH5eMbZiF81zVnHcjkkBBaYpYNCe5rxYlQKTFOgSKMccSM0a3c1l/PdiW/WGuoodBYun2L9Iqb+LS8U5dw+z3ScvdySObeO8fw1wg5TaV7FNhFcDjy4Z25vC7EVTDwUUUGAUAYP2KMxeRIHVEOgSKMcaeYQTgRMarveRhC3UK8NuVd9tXWq+7b1HgIsrgvY1gXMTPV8f4FGJbVeyWcWcFN8yv+5KDthBKaDAJAUM2pOcFotSYJoCbQPlmKNIeOJbrLEudoisOopNZQ4KHb700dYlzj7rV3zeb4ej6dN8LTa5eWKAk8f0n9q1KubkCwFuObVarUcBBVZXwKC9unPryBToXaBtoOy9gJoOE4J2XTlPCvDKrvW2dan6TnZT0C7qSxznXQJ8out4VuG8CqcXBXjWKozPMSigQB4CBu085skqFZiEQNtAOVbREf6U7k9w7xjgk4vU2tYlzrZeL7Zg3+FIDNq7AFWf/Nvob88AxTrztT0q5uS+Ad67tigOXAEFRhcwaI9O7gUVyFegbaAcY6QR9gR+3PFavxngPzqeu/20ti4R/i9QfPmkddAuTmj65F9KYF90zFM+v2YN/H4BLphy7damgAKrJWDQXq35dDQKDCrQNlAOWsy888SlFGWl7Brg0j5qbOsSZ78YFL8gdAra87Bd+ck/g/a2ddhnLOLbx31hHwoooIBB23tAAQWSBdoGyuSOOzasWoLR0N1ZAW7Y8ZKlp7V1qWh/foD929RV80vGZ8Jso5u1PCI8DniVQXstp99BKzApAYP2pKbDYhSYtkCEzwO3mkKAiXBb4LMtxV4e4Cktz2ls3talIiD/fYB7Nl5sU4MIHwUOrzjnbgGKzxmu3RHhbcCDpnCfrh2+A1ZAgR0EDNreEAookCwQ4STgqSUnHBLgX5I7WrBhhN2An7Xs5qgA72p5TlLzCM8Fji9pfOcwW4+9w9HXFzGqlqBsutjuoXqXxKSx5dio7b8w5DhGa1ZAgTwEDNp5zJNVKjAJgZqXzH4Q6r9R3Wv9HdZl3yjAV3stIi08U7ZeuqL+1r8IpDis23rtmuVE3wxwvSHvAftWQAEFtgoYtL0nFFCglcCynxZ2WJd95dD9qyTJNhG+Tvm255d76bLC8HoBvpl6wQj7At9LaP+cAM9PaJd9k4blRHcI8OnsB+kAFFAgKwGDdlbTZbEKLF8gwl0pX/s7+G6Ebddlj/k0N8IBwDklM/SWAH+48d8jXAv4bslTj1Z/H0d4I3Bs4h1R7Hh5dmLbLJs1LCdq/aJplggWrYACkxNo9Rf75Kq3IAUUWIrAMp5qt1yX/f4AR4yNk+IS4b7A6T0E7dhyfL19zrDldUdp3rCMZqew7fPjHgoooMC4Agbtcb29mgIrIRDh48CdSwazR4CLhxhkynrk+XVPC/DQIWpo6jPOvmjyspJ221+KjHAicMIiQTvCzsAvS65zKvDwijpPCnBc0xhy/HnDcqLrBvh2juOyZgUUyF/AoJ3/HDoCBUYXiLPvPZ9XcuF3B3hA3wW1WZc95nKRsnE2PdWOs6fZxVPtHY42dUd4JvDCkutfGSj+nFvysx8FuErfc7Ps/hqWEz0uwF8uu0avr4AC6ytg0F7fuXfkCiwk0BQoF+p808kRbgd8JrW/NoE1tc827WpeitwtwC962hWydBnExtjHmps2LkO0bVhOdE6A6wxxXftUQAEFUgUM2qlStlNAgR0EqpZAAL19UzvCLsAlLejPCCUb6rQ4f+GmNS9FbvvUX0UIbrVbZUUf23eDXKOgXbfu2nXZC9/NdqCAAosKGLQXFfR8BdZUYIxvakf4T+DqLYhPDvDEFu0HaVqznvyLwM1KLvqSAM9IKSbC/YG/K2l7cJh9YrB466/2iXfKdabexnXZU58h61NAgULAoO19oIACnQWGDHQRbg58oWVxxwZ4U8tzem8e4YG024Vy27KSlEIi/AC46ta2m5fMDDkvKTUO3cZ12UML278CCvQlYNDuS9J+FFhDgSG/qd3iKyOb5W8c4CtTmIoIFwJ7p9TSZl15hcuFAfbZuNYqB+04e6HzogpX12Wn3HC2UUCB0QQM2qNReyEFVlNgiFAX4eXAkzqI7Rzgsg7nLXxKhN9h9sWVH/Hr7ej/NKHj0wMcmdCuWA9yCPDlkrZHhk3f5h5iTlLqG7pNnC0jKpYTVR2uyx56EuxfAQVaCRi0W3HZWAEFtgr0/U3tOHsye0EX6TZPhrv0X3bOPPwVuy7usUCf7wf+oOkb5KkBOrXdAvWOfmqcfUHkWzUX9nvZo8+KF1RAgSYBg3aTkD9XQIFagZpvan8nwLXb8nVcMrLtMmMH7YZlDG2HXrQvXmK8UYCvlfxC8z7g3mWdbh33qgXtCLcEzqgBPTHAc7uAe44CCigwpIBBe0hd+1ZgTQRqwvHdA3w4lSHC0cBbE9p/Cbjp1nZjBu0BQvbW4TwnwPPn6fshwGkVLrcN8LnNP1uloB3hcOCjNffEPwe4RcI9YxMFFFBgdAGD9ujkXlCB1ROI8EjgdRUj2z3Az5tG3bD5yNbTz6HkaflYQTvCFUkYU9OYE37+78ARwJlVbcvGvCpBO0LdLxgFyXsC3C/B0SYKKKDAUgQM2kth96IKrJ5A3ZKPlAC8yJKRueYvAuw2hmyElwJPG+NaDdfYNcClW9usQtCOULxIenLN+F8T4DETmANLUEABBSoFDNreHAoo0ItAwxPpp4TZl0RKjwiV649bFPepMPvyx+BHzaf7TgpwXGrwXbDQGwT417I+cg/aEZ4HPKfG588CvHhBP09XQAEFBhcwaA9O7AUUWB+BCHcD/qFixPsHOL8khDYtD0gFHG1XyDZBNsJe80/+pY4jpd0xoWYte5v6Ui42Zps4W4te3BNVx6MCvH7MmryWAgoo0FXAoN1VzvMUUKBUIM5ezLt12Q9Lvo5xfeCsnihH2xUywg+BK2+p+0dhtpnKDkeEv6J8iUPxhP/JHcb+1gDH1J2Xa9COs5cei5cfq457BfhgBzNPUUABBZYiYNBeCrsXVWC1BWrWW78uwB9vjL5hXfauwCUtpEbbFbJNkK1r22Wt9yLr3VPObeHda9OKX142X+MOAT7d60XtTAEFFBhYwKA9MLDdK7COAhEOAr5RMfZDA5wZ4W3AgyrabFt/3PIFydF2hYzwKuBxW2o/JcDjt46nYgzbd4NsGbZLX35MvObo3xlPvfcT5vmGob9/+Ugty3YKKKDAwgIG7YUJ7UABBcoEIpwEPLVC5wrALyt+tn39cUIA297FmE9rI9wW+OyW+m8X4B83/7c4e3r/mpJxHhDguxv/PTFsnxng0JS7rc0T95T+hmoTYZeEf7W4VoB/G6oG+1VAAQWGFDBoD6lr3wqsuUBNUC5eirx6Cc/nA9xmUwAtdkpMOuqCdoSbAA8Eio1uiu3Svxngx0kdVzSaf+P5XvMff6Ds5cQ2gTfCucA1a2p6ZIA3pNTc5rop/fXdJs7Wt78d+L2Gvq8S4Ed9X9/+FFBAgbEEDNpjSXsdBdZQIMLewIWpQ0/dSrysv83nzreFf0bHlw2L7i8rwvg8lH9/vhnPx8Nsi/TkoyLwnhvgtzZ30rAxy0+BN5YtS6kqZKpBO8JdgI8lAiZtdJTYl80UUECBpQgYtJfC7kUVWB+BhN39tmOUBO0vADdP1CrWTV9ujXTiuW2aFRvV/EVoeFEzwsHAV0s6vluAj2z89wi1X17psiRmSkE7QrFM6BUla9rrzEdbb99m4m2rgAIKtBUwaLcVs70CCrQWiHAesH/DiX8SZp/C235EOAp4R+sLjndCsRTlcQE+ufWSET4P3Grrf9/y5L1pjXLSy48l1y598t4ltHelnP+iUbjs06aPMWtsU5dtFVBAgS4CBu0uap6jgAKtBCLsXPPy47a+qgJWhO8B+7a64PIavwkodi38j5Snyg0ve1bu/Ng0vJRrN/XR9ecRngK8rMP5rwqzbdc9FFBAgZURMGivzFQ6EAWmLRDhlsAZVVXWBO3i76lizfQqHMcH+B/FQBq2na/d+bEJYuygHWE/4H1sepG1qcZNP38/8OAAP2lxjk0VUECBLAQM2llMk0UqsBoCcbYMpFgOUnbcJMCXy34Q4TrAtzoq/Dnw4s3bv0fYidkLiQeW/Cm+Ad5quUOLuu4a4GMN69Ybd35sut5YQTvC/YD/3VRPxc//IMA7O57raQoooEAWAgbtLKbJIhVYHYGG5RKvDfDoirD9WOCUBInLBeuEc2qbzF9YfNH8E4GLdld7fh9rlIcM2hF2Y/aZwaM7QJxVbLEe4N87nOspCiigQHYCBu3spsyCFchbIM6+i7xXwyh22NBlo22EbwPXrjl3vwAXDC0U4UjgpcD1er5Wp5cft9YwRNCOs81yPsfsXwPaHicGeG7bk2yvgAIK5C5g0M59Bq1fgcwEWuz2uH0986agXbteu4+nwW05I+wx3wGzjyD55DD7FN5CR19BO257R5XnAc/uUNCvik8zVi0H6tCfpyiggALZCRi0s5syC1Ygb4EIP2S2M2DqcbUAP9gUtus2jXllgCeldjxEuxa/SNRd/qEBTuta36JBO87Wrxff+i6+8d32eAtQ7GJ5SdsTba+AAgqsmoBBe9Vm1PEoMHGBjkH0UQFeXwwt4fzbBfjHZTBEuBJQ7OTY13HPAH/ftrO2QTvCFZl9FeaR8z9tL1m0v3eAD3Q50XMUUECBVRUwaK/qzDouBSYqULWRS2K5uwM/S2i7Z+g38NZeMsJN558uLHZBHOJo9ctDzS8j7wIOA67ZU5HFLzTFLwPb/8Whp37tRgEFFFgJAYP2Skyjg1AgH4EIJwAnjlDxEcA35sH85xv/G+DSvq4d4U+Av+zQ32eB+wBF8L1zi/N/O8DXNtpvehJdhOeNP32F6Lqynhjg5BZ121QBBRRYSwGD9lpOu4NWYHkC8xfs/ha4//KqWNqVi3XLxVdXNoJ/8XS+CP43Aoqn9VM+iq+5HBZmv7x4KKCAAgokCBi0E5BsooACwwhEuBmzr2zcZZgr2GsPAsWT6+JrKKuyO2cPJHahgAIKpAkYtNOcbKWAAgMLRNiV2RdDXjzwpew+TeAOAT6d1tRWCiiggAJlAgZt7wsFFJikgE+7B5+WYvOZz2z8CfCdwa/oBRRQQIE1EzBor9mEO1wFchSIcAvgzBxrn1DNRwY4fUL1WIoCCiiw8gIG7ZWfYgeowOoIxNkn+4pvVfd9nAf8RodOixcEiy+IXBc4pOT87zP7RnXxouPOHfrv85Tr+yJjn5z2pYACCjQLGLSbjWyhgAITEYhwPNDHVueLjmiH7eHj7EXBy/19OsSW8F0/KThELYsier4CCiiw6gIG7VWfYcenwAoJRLg98KklDuk2AT6/9foVG8ScG2ZbmQ9yRHgJcFxq5wbtVCnbKaCAAv0JGLT7s7QnBRQYWGD+De6qz8w9e/5t7kN7LqNYGnKPMPv+9eWOCAcDXy350d0CfKTnWnbobu7xdeD6TdcxaDcJ+XMFFFCgfwGDdv+m9qiAAgMK1Gwv/tUw2/hl+xHhQOAo4MHAzVuWtcPykKpzq7aUHzPYRngE8PqG8e0W4BctDWyugAIKKEzy28UAAA4iSURBVLCAgEF7ATxPVUCB8QVqgnZRzP4Bzq8JxcXLiVdrqLp0eUhNn7HsZ2MG7eL6EW5FybKWLbUdEOC748+aV1RAAQXWU8CgvZ7z7qgVyFagIWgXbyTW/r0WZxviPL0B4AoBftWEFGGv+ZbqW5smPQ1v6r/tzyNcFfhBw3n3CvDBtn3bXgEFFFCgvYBBu72ZZyigwBIFIpwLXLOmhJsG+P91JUa4J/CBhmFcI0Dx2b/KI8JfAY8pabC0ZRpNv4jMaz0hwPOWOI1eWgEFFFgLAYP2Wkyzg1RgdQQivBE4tm5ETU+1i3Pj7IsgTbsh1j79rQq1KdcfakYSg3Zx+U8GuONQddivAgoooEDDP7EKpIACCkxNIMJDgTc31HWfAO9rqj3CLsAlDe1eEuAZZW0qQu3pAY5suvZQP28RtDdKWNrT96EM7FcBBRSYioBPtKcyE9ahgAJJAonrkBvXam++WIR3zL9OUlXDeQGuseWcPwZeU3LCUl847BC0iyEsteakibeRAgookKGAQTvDSbNkBdZdIDFMHhfgpFSrxE/k7R3goqLPMXeDTB3DvK6yr6AcA5zW0I8vSbaBtq0CCiiQIGDQTkCyiQIKTEsgMWgXRe8e4Oep1Ue4CfClhva3DvBPy9gNMmUcFXUVG9qcTfOXVHxJMgXZNgoooECigEE7EcpmCigwHYEWQbvVEpL5E+GqT/ZtBnhpxfbng+8GWTcLEfYEfry1zeaXMyOcCjyspp8zwuyb3B4KKKCAAgsKGLQXBPR0BRQYXyDCD4ErJ175HQEelNh2e7MIZ6Vsbb6532V+bWT+S8Idiq+J1AXtebumnSQvDrBHWzPbK6CAAgrsKGDQ9o5QQIHsBCLcH/i7FoU/MLRrv63rCMcDz029zgSC9qOBVzcF7fnYmnaSfGSAN6SO3XYKKKCAApcXMGh7VyigQJYCbZaPzAe4X4AL2g42wuHARxPOOwe4ZYALE9oO0iTCK4EnpATtediu3Uly2b84DIJkpwoooMCIAgbtEbG9lAIK9CeQ+A3sHS7YNThGOBD4ZovqbxzgKy3a99I0wj8Ad0sN2vOwvVPVS5JdvXoZjJ0ooIACKyBg0F6BSXQICqyrQITbA59qMf5zw2xHyOQjwlWYf9Iv+aRfNxz1k3kRLgWu0CZoz8N26Zb0Bu0OM+4pCiigwCYBg7a3gwIKZC0Q4a3A0S0G8bQAL0tpv2DI3nyJZwd4Qco1u7aJcGfg4yXnnx3goLp+42yX4MtK2tw8wBe71uR5CiigwLoLGLTX/Q5w/AqsgECH9do3Cw3fy04I2R8C7tGS753AMWH25Lm3oyYoF9f43TBbUlJ7VBi+LMDTms715woooIAC5QIGbe8MBRTIXiDCNYFzOwzkn+bbqJ8W4OKN8xNC9kkBjivaR7gT8ImW1y4+HXhYXy9ORvgycEhZDanLPyqC9vkB9m85NpsroIACCswFDNreCgoosBICEZ4IvKKHwXwBuEVNP9tD9uY2Ea4LFOcWa7rbHAu9OFmzZKSoYZ/UMF8V1lODepsB21YBBRRYFwGD9rrMtONUYA0EOiwhaatSGrK3BO5id8b3M3vS3eZo/eJkw5KRZwV4UWoBEZ4B/M+t7Q3aqYK2U0ABBS4vYND2rlBAgZUR6PLJvxaDbwzZWwJ38ffrycDjW1yjaFqs4356gG83ndfHkpGNa0S4OvCfJdfcte815U3j8ucKKKDAqggYtFdlJh2HAgpsE+jwyb8UuVYhe2uHER4FvDblQhVtzpwH8LdtBPC+loxs+eUgllz/2ABvWqB2T1VAAQXWVsCgvbZT78AVWF2Bhk/+XQm4K/AY4D4JCv8rwGMT2jU26fjiZGO/Wxq0WjKycW6Eql0izwxwaNsibK+AAgooMPt2qocCCiiwcgIN67UPCnD2ppBZ7I5YbNqyOXz/CDg+zLY17/VY4MXJ1DqKXSk/DbwX+GKA79SdWBOyi9M+Ekp2m0wtxHYKKKDAOgsYtNd59h27AisskPDJvwcEePcyCSIUL05+ALjjkur4KfA16p9YPzzAG5dUn5dVQAEFshYwaGc9fRavgAINT2qPB55b0+aU0P5lxd7RI+wMfBK4Xe+dL9Zh8X3wu4byXSMX69mzFVBAgTUQMGivwSQ7RAXWWSDOPrV3rxqDnwTYa0pGEQ4Ejpr/Wdb66FcGeNKUXKxFAQUUyE3AoJ3bjFmvAgq0FohwNPDWhhP3DnBR685HOqHhKyN9V2HI7lvU/hRQYC0FDNprOe0OWoH1E4hww/l65LrB3zpAsS37pI6mjWmAt/f4BPy1AR49KQCLUUABBTIVMGhnOnGWrYAC7QUi7A5c3HDm4wOc0r734c5YdGOaCAcANwIOmf/Z+L+LlzE3juIrK88P8NLhRmLPCiigwHoJGLTXa74drQIKzDa1+SJw0xqMzwY4bApYQ2xMM4VxWYMCCiiwDgIG7XWYZceogAKXE4hwHPCSBpqPAsVnAH+4DMKmJSMBXrSMurymAgoooECagEE7zclWCiiwggItt2u/X4D3jMmw6JKRMWv1WgoooIAClxcwaHtXKKDAWgtE2Bf4XguEUZ5yu2SkxYzYVAEFFJiogEF7ohNjWQooMJ5AhGIL9l91uOIgT7ldMtJhJjxFAQUUmKCAQXuCk2JJCiiwHIEIpwIP63D1Xp9yu2Skwwx4igIKKDBBAYP2BCfFkhRQYHkC808AvhY4pmMVCz3ljvBQ4M0V194nwIUd6/I0BRRQQIGRBQzaI4N7OQUUyEcgwuFA8bS6y1H5lHse5u8O3G/+Z5+ECzzLr4wkKNlEAQUUmJCAQXtCk2EpCigwTYEennJ/DTh4kdEF8O/rRQA9VwEFFFiCgH9xLwHdSyqgQL4CCz7l7jpwl4x0lfM8BRRQYIkCBu0l4ntpBRTIV6CHp9ypg/+bAA9JbWw7BRRQQIHpCBi0pzMXVqKAApkKDPSUOwJvAY4N23aN91BAAQUUyE3AoJ3bjFmvAgpMVmDBp9zvBU4H3u2XRSY7xRamgAIKtBIwaLfisrECCiiQJlDxlPuseZguAvVnAlyW1putFFBAAQVyFDBo5zhr1qyAAgoooIACCigweQGD9uSnyAIVUEABBRRQQAEFchQwaOc4a9asgAIKKKCAAgooMHkBg/bkp8gCFVBAAQUUUEABBXIUMGjnOGvWrIACCiiggAIKKDB5AYP25KfIAhVQQAEFFFBAAQVyFDBo5zhr1qyAAgoooIACCigweQGD9uSnyAIVUEABBRRQQAEFchQwaOc4a9asgAIKKKCAAgooMHkBg/bkp8gCFVBAAQUUUEABBXIUMGjnOGvWrIACCiiggAIKKDB5AYP25KfIAhVQQAEFFFBAAQVyFDBo5zhr1qyAAgoooIACCigweQGD9uSnyAIVUEABBRRQQAEFchQwaOc4a9asgAIKKKCAAgooMHkBg/bkp8gCFVBAAQUUUEABBXIUMGjnOGvWrIACCiiggAIKKDB5AYP25KfIAhVQQAEFFFBAAQVyFDBo5zhr1qyAAgoooIACCigweQGD9uSnyAIVUEABBRRQQAEFchQwaOc4a9asgAIKKKCAAgooMHkBg/bkp8gCFVBAAQUUUEABBXIUMGjnOGvWrIACCiiggAIKKDB5AYP25KfIAhVQQAEFFFBAAQVyFDBo5zhr1qyAAgoooIACCigweQGD9uSnyAIVUEABBRRQQAEFchQwaOc4a9asgAIKKKCAAgooMHkBg/bkp8gCFVBAAQUUUEABBXIUMGjnOGvWrIACCiiggAIKKDB5AYP25KfIAhVQQAEFFFBAAQVyFDBo5zhr1qyAAgoooIACCigweQGD9uSnyAIVUEABBRRQQAEFchQwaOc4a9asgAIKKKCAAgooMHkBg/bkp8gCFVBAAQUUUEABBXIUMGjnOGvWrIACCiiggAIKKDB5AYP25KfIAhVQQAEFFFBAAQVyFDBo5zhr1qyAAgoooIACCigweQGD9uSnyAIVUEABBRRQQAEFchQwaOc4a9asgAIKKKCAAgooMHkBg/bkp8gCFVBAAQUUUEABBXIUMGjnOGvWrIACCiiggAIKKDB5AYP25KfIAhVQQAEFFFBAAQVyFDBo5zhr1qyAAgoooIACCigweQGD9uSnyAIVUEABBRRQQAEFchQwaOc4a9asgAIKKKCAAgooMHkBg/bkp8gCFVBAAQUUUEABBXIUMGjnOGvWrIACCiiggAIKKDB5AYP25KfIAhVQQAEFFFBAAQVyFDBo5zhr1qyAAgoooIACCigweQGD9uSnyAIVUEABBRRQQAEFchQwaOc4a9asgAIKKKCAAgooMHkBg/bkp8gCFVBAAQUUUEABBXIUMGjnOGvWrIACCiiggAIKKDB5AYP25KfIAhVQQAEFFFBAAQVyFDBo5zhr1qyAAgoooIACCigweQGD9uSnyAIVUEABBRRQQAEFchQwaOc4a9asgAIKKKCAAgooMHkBg/bkp8gCFVBAAQUUUEABBXIUMGjnOGvWrIACCiiggAIKKDB5AYP25KfIAhVQQAEFFFBAAQVyFDBo5zhr1qyAAgoooIACCigweQGD9uSnyAIVUEABBRRQQAEFchQwaOc4a9asgAIKKKCAAgooMHkBg/bkp8gCFVBAAQUUUEABBXIUMGjnOGvWrIACCiiggAIKKDB5AYP25KfIAhVQQAEFFFBAAQVyFDBo5zhr1qyAAgoooIACCigweQGD9uSnyAIVUEABBRRQQAEFchQwaOc4a9asgAIKKKCAAgooMHkBg/bkp8gCFVBAAQUUUEABBXIUMGjnOGvWrIACCiiggAIKKDB5gf8CZupzhwk9HsUAAAAASUVORK5CYII=');
INSERT INTO Post (id, userId, longitude, latitude, regionId, title, content, upVotes, downVotes, image) VALUES (5, 2, 0, 0, 6, 'London Stock Exchange replaced by dogs', 'Since computers now control the stock market, the london stock market has been replaced by servers with dogs guarding them from competition. The only purposes now of the bankers is to feed the dogs.', 0, 1, 'data:image/png;base64,iVBORw0KGgoAAAANSUhEUgAAAtoAAAEsCAYAAAD9zRSqAAAgAElEQVR4Xu3dCbQtRX3v8W+BIAioCEiMBhUciDjjhMYBn8aoqKghipjgFF1R44xGnwL6HJ6KUYnkxRGjYpwSH47xxfE9p2jA6NOoRFGUJAQRcUIFpbL67n2u5x56qO7d3btr72+vdZcJp7r6X5/qddfv9K3uCngooIACCiiggAIKKKBA7wKh9x7tUAEFFFBAAQUUUEABBTBoexMooIACCiiggAIKKDCAgEF7AFS7VEABBRRQQAEFFFDAoO09oIACCiiggAIKKKDAAAIG7QFQ7VIBBRRQQAEFFFBAAYO294ACCiiggAIKKKCAAgMIGLQHQLVLBRRQQAEFFFBAAQUM2t4DCiiggAIKKKCAAgoMIGDQHgDVLhVQQAEFFFBAAQUUMGh7DyiggAIKKKCAAgooMICAQXsAVLtUQAEFFFBAAQUUUMCg7T2ggAIKKKCAAgoooMAAAgbtAVDtUgEFFFBAAQUUUEABg7b3gAIKKKCAAgoooIACAwgYtAdAtUsFFFBAAQUUUEABBQza3gMKKKCAAgoooIACCgwgYNAeANUuFVBAAQUUUEABBRQwaHsPKKCAAgoooIACCigwgIBBewBUu1RAAQUUUEABBRRQwKDtPaCAAgoooIACCiigwAACBu0BUO1SAQUUUEABBRRQQAGDtveAAgoooIACCiiggAIDCBi0B0C1SwUUUEABBRRQQAEFDNreAwoooIACCiiggAIKDCBg0B4A1S4VUEABBRRQQAEFFDBoew8ooIACCiiggAIKKDCAgEF7AFS7VEABBRRQQAEFFFDAoO09oIACCiiggAIKKKDAAAIG7QFQ7VIBBRRQQAEFFFBAAYO294ACCiiggAIKKKCAAgMIGLQHQLVLBRRQQAEFFFBAAQUM2t4DCiiggAIKKKCAAgoMIGDQHgDVLhVQQAEFFFBAAQUUMGh7DyiggAIKKKCAAgooMICAQXsAVLtUQAEFFFBAAQUUUMCg7T2ggAIKKKCAAgoooMAAAgbtAVDtUgEFFFBAAQUUUEABg7b3gAIKKKCAAgoooIACAwgYtAdAtUsFFFBAAQUUUEABBQza3gMKKKCAAgoooIACCgwgYNAeANUuFVBAAQUUUEABBRQwaHsPKKCAAgoooIACCigwgIBBewBUu1RAAQUUUEABBRRQwKDtPaCAAgoooIACCiigwAACBu0BUO1SAQUUUEABBRRQQAGDtveAAgoooIACCiiggAIDCBi0B0C1SwUUUEABBRRQQAEFDNreAwoooIACCiiggAIKDCBg0B4A1S4VUEABBRRQQAEFFDBoew8ooIACCiiggAIKKDCAgEF7AFS7VEABBRRQQAEFFFDAoO09oIACCiiggAIKKKDAAAIG7QFQ7VIBBRRQQAEFFFBAAYO294ACCiiggAIKKKCAAgMIGLQHQLVLBRRQQAEFFFBAAQUM2t4DCiiggAIKKKCAAgoMIGDQHgDVLhVQQAEFFFBAAQUUMGh7DyiggAIKKKCAAgooMICAQXsAVLtUQAEFFFBAAQUUUMCg7T2ggAIKKKCAAgoooMAAAgbtAVDtUgEFFFBAAQUUUEABg7b3gAIKKKCAAgoooIACAwgYtAdAtUsFFFBAAQUUUEABBQza3gMKKKCAAgoooIACCgwgYNAeANUuFVBAAQUUUEABBRQwaHsPKKCAAgoooIACCigwgIBBewBUu1RAAQUUUEABBRRQwKDtPaCAAgoooIACCiigwAACBu0BUO1SAQUUUEABBRRQQAGDtveAAgoooIACCiiggAIDCBi0B0C1SwUUUEABBRRQQAEFDNreAwoooIACCiiggAIKDCBg0B4A1S4VUEABBRRQQAEFFDBoew8ooIACCiiggAIKKDCAgEF7AFS7VEABBRRQQAEFFFDAoO09oIACCiiggAIKKKDAAAIG7QFQ7VIBBRRQQAEFFFBAAYO294ACCiiggAIKKKCAAgMIGLQHQLVLBRRQQAEFFFBAAQUM2t4DCiiggAIKKKCAAgoMIGDQHgDVLhVQQAEFFFBAAQUUMGh7DyiggAIKKKCAAgooMICAQXsAVLtUQAEFFFBAAQUUUMCg7T2ggAIKKKCAAgoooMAAAgbtAVDtUgEFFNgQiHBX4B7z////BPiIOgoooIAC6yFg0F6PeXaUCigwskCEKwLfAK615dLnAQcEuHTkkrycAgoooMDIAgbtkcG9nAIKrIdAhHcAR1WM9n0B7rMeEo5SAQUUWF8Bg/b6zr0jV0CBAQUixLruA/j374D+dq2AAgpMQcC/6KcwC9aggAIrJRDhTsAnGgZ1UICzV2rgDkYBBRRQYAcBg7Y3hAIKKNCzQNPT7PnlvhTgZj1f2u4UUEABBSYkYNCe0GRYigIK5C8QYRfgkpSRuHwkRck2CiigQL4CBu18587KFVBgggIRTgMeklja7QN8JrGtzRRQQAEFMhMwaGc2YZargALTFkhcNrIxiAsC7DftEVmdAgoooEBXAYN2VznPU0ABBUoEKoL224AHl4G5fMTbSAEFFFhdAYP26s6tI1NAgZEFIjwQeFfJZa8CHMFsWcnW4/cCfGjkUr2cAgoooMAIAgbtEZC9hAIKrIdAhG8B19k62o2n1lXLSnyqvR73h6NUQIH1EzBor9+cO2IFFBhIoCJInx9g/+KSEX4M7FkVxAcqy24VUEABBZYkYNBeEryXVUCB1RKIsBvws5JR/VGAN8+D9mHAp0vaPD7AKasl4mgUUEABBQza3gMKKKBADwIRngc8p+lptctHesC2CwUUUCATAYN2JhNlmQqsk0CEQ4DHABcONO6rzfvts/8TKmo9GvgBcNH8fz8IHFjSducAlw00XrtVQAEFFFiCgEF7CeheUgEFfi0QZ2uWizD6aOBW2iQJFIF8c3jfCPHF/+4EnAW8KcB5Sb3ZSAEFFFBgEAGD9iCsdqqAAmUCEQ6eh+p7A4eqNKrAW4rwDXw4bHsv00MBBRRQYGgBg/bQwvavwJoLRCj+nnkD8LA1p5ji8M+Yh+83h9kTcg8FFFBAgR4FDNo9YtqVAgr8WmAesF8HPEKXrAR+Og/fxdKTz2ZVucUqoIACExMwaE9sQixHgdwFDNi5z2Bl/R8H/hp4R4CLV3aUDkwBBRToUcCg3SOmXSmwzgI9Bez3Aq8GPjjFL3BEeBbwgtR5rtvxMcI7gd8v6av4ROAuwFWBvSv+d4/UGgZuV7xsWaz7fk2Abw58LbtXQAEFshMwaGc3ZRaswLQE5gG7CI0PbFnZpEP11rFEeCHwzDZjbAjaRVj+SUl/7w7wgDbXKWsb4bbAscAfAWMH8/fMn36/N8Cli47F8xVQQIFcBQzauc6cdSswAYEI+wBfA/ZNLKdYevDwnL56EWdPlju9KFgXtAuvis1rLgqzJ9m9H3E2T8WnFIvwPfanFL8FvBg4NcAlvQ/ODhVQQIEJChi0JzgplqRALgJVuxyW1J9dwJ4H4eIp/bsa5uOfgZuXtekYtIvPtIz2d3OcfXf7v83D90NHuvf+H3CfAD8c6XpeRgEFFFiKwGh/mS9ldF5UAQUGE4izT/Y9vOECuQbs4u/G4gnstRvG94IAz+66rXrX8wab1E0dRzgA+MN5AL/BgNe8X4BiqYmHAgoosHICBu2Vm1IHpMDwAhHuAnys5kpZBuxiPBF2Ay5IWNd8j/nmL5d1Dcxdzxt+hsuvEGFX4Ij52u/79lzHR4EH+JS7Z1W7U0CBpQoYtJfK78UVyE9gHrZ+UVF58Q3mvXJag711HC2Ww6RM3s51X0/JLWhXDTjCb8/Dd/Hy5W+kwDS08Sl3D4h2oYACyxcwaC9/DqxAgawEIrwSeEJF0TtlHrL/hVloHOoovjJS7Mb4cuB9wC/LLjTmGu2hBhphz/nnC4sXLw/veB2fcneE8zQFFJiGgEF7GvNgFQpkI1DzxPe6Ab6dzUDmhUY4DCheAnzsVGpfhaC91TLC7sBrgWM6OvuUuyOcpymgwPIEDNrLs/fKCmQpUBG0zw5wUE4Dmge/4unykE+wu5CcE+A6XU7M5Zw4e8JdPK3ucviUu4ua5yigwFIEDNpLYfeiCuQrUBG0Tw7wxJxG1fNa7D6H/pUAN+6zw6n25VPuqc6MdSmgQF8CBu2+JO1HgTURqAiox4bZVtxZHBGK7zj/Todii7XVxRbsFzL78sqfMfsM3sEd+mp7ymXMtjk/G/ju/Ksvb5viVvVtB1a09yl3FzXPUUCBqQsYtKc+Q9anwMQEKoL2jQN8ZWKllpYT4QTgxMRatwXrAN/faB9nOyp+PvH8oZsVG75cJ8BFQ19orP57eMpd/MvKq1blF5Cx3L2OAgoMI2DQHsbVXhVYSYEIVwKKT/htPWo/YzcVjAgpOz0W5V4tlGy7HuHD810UpzKkoo7vBbj6lArqq5YFnnJ/Dyhezi27V/sqz34UUECBRgGDdiORDRRQYEMgwu8CH9oqksNXMubfei4+39d0HBhmu0JuPyLcCfhE04lL/PktAhRbwa/k0fEp908C7LWSIA5KAQWyETBoZzNVFqrA8gUiPBN4YW5BO8LV2LT8o0byNmHTspAIu8zXRf/W8vXrK8jhl50+DFs+5b5+gG/0cV37UEABBboIGLS7qHmOAmsqEOHdwJE5Be0IOwG/SpiyIwOcvtEuwgOAv004r67Jccy+Lb7tT5ht7b7tiLOvtLxiwf43n/6KAE/usb9Jd5X6lHtdfgGZ9GRZnAJrLGDQXuPJd+gKtBWIUKx93TezoB0TxvmEAH8xD8BXBoqXDFOOQwOc2WUr9Qh/DRS7JrY9Hg6cWnHSvptf3Gzbca7tG55yHx7g47mOzboVUCBvAYN23vNn9QqMKhBnn7Xbe8tFLw6wx6iFJF4s8TN+bw/w4HnILp4I/3lC9+8KcNRGu45B+0vATcp+aYlwLPDGmjq+CNys7Ofr+gQ3wq2Bz2mScPfaRAEFRhMwaI9G7YUUyF+gS6Bc1qgTP+N3SYArRvhN4N8Sa712gO9sbtvFpemcCMXfz8W3s9sexwR4a9uTVqF9zSZETw1pv0CtAoNjUECBCQkYtCc0GZaiwNQFmsLhVOpP/Yxf8fQ3winAYxNqf36A55S16+JScc7Xw6bNb+YvY15SUdtpwDEVP7tGgPMSxrRSTSLsB5xfMaidwral8R4KKKDAeAIG7fGsvZIC2Qt0CZRjD7rFZ/yKUFbstFisyW469gmzZTOlRxeXinOKnR6P3nyRCLcHPtVU4JafnxrgES3PWYnmEYplNTctGcz7AxyxEoN0EAookI2AQTubqbJQBZYv0CVQjll1i8/43ZHZNuxNxyNC9YuH28/t4lJxztMDvHRrUXG2FGSHAN5Q+HcCXLtpcKv48whXBH5eMbZiF81zVnHcjkkBBaYpYNCe5rxYlQKTFOgSKMccSM0a3c1l/PdiW/WGuoodBYun2L9Iqb+LS8U5dw+z3ScvdySObeO8fw1wg5TaV7FNhFcDjy4Z25vC7EVTDwUUUGAUAYP2KMxeRIHVEOgSKMcaeYQTgRMarveRhC3UK8NuVd9tXWq+7b1HgIsrgvY1gXMTPV8f4FGJbVeyWcWcFN8yv+5KDthBKaDAJAUM2pOcFotSYJoCbQPlmKNIeOJbrLEudoisOopNZQ4KHb700dYlzj7rV3zeb4ej6dN8LTa5eWKAk8f0n9q1KubkCwFuObVarUcBBVZXwKC9unPryBToXaBtoOy9gJoOE4J2XTlPCvDKrvW2dan6TnZT0C7qSxznXQJ8out4VuG8CqcXBXjWKozPMSigQB4CBu085skqFZiEQNtAOVbREf6U7k9w7xjgk4vU2tYlzrZeL7Zg3+FIDNq7AFWf/Nvob88AxTrztT0q5uS+Ad67tigOXAEFRhcwaI9O7gUVyFegbaAcY6QR9gR+3PFavxngPzqeu/20ti4R/i9QfPmkddAuTmj65F9KYF90zFM+v2YN/H4BLphy7damgAKrJWDQXq35dDQKDCrQNlAOWsy888SlFGWl7Brg0j5qbOsSZ78YFL8gdAra87Bd+ck/g/a2ddhnLOLbx31hHwoooIBB23tAAQWSBdoGyuSOOzasWoLR0N1ZAW7Y8ZKlp7V1qWh/foD929RV80vGZ8Jso5u1PCI8DniVQXstp99BKzApAYP2pKbDYhSYtkCEzwO3mkKAiXBb4LMtxV4e4Cktz2ls3talIiD/fYB7Nl5sU4MIHwUOrzjnbgGKzxmu3RHhbcCDpnCfrh2+A1ZAgR0EDNreEAookCwQ4STgqSUnHBLgX5I7WrBhhN2An7Xs5qgA72p5TlLzCM8Fji9pfOcwW4+9w9HXFzGqlqBsutjuoXqXxKSx5dio7b8w5DhGa1ZAgTwEDNp5zJNVKjAJgZqXzH4Q6r9R3Wv9HdZl3yjAV3stIi08U7ZeuqL+1r8IpDis23rtmuVE3wxwvSHvAftWQAEFtgoYtL0nFFCglcCynxZ2WJd95dD9qyTJNhG+Tvm255d76bLC8HoBvpl6wQj7At9LaP+cAM9PaJd9k4blRHcI8OnsB+kAFFAgKwGDdlbTZbEKLF8gwl0pX/s7+G6Ebddlj/k0N8IBwDklM/SWAH+48d8jXAv4bslTj1Z/H0d4I3Bs4h1R7Hh5dmLbLJs1LCdq/aJplggWrYACkxNo9Rf75Kq3IAUUWIrAMp5qt1yX/f4AR4yNk+IS4b7A6T0E7dhyfL19zrDldUdp3rCMZqew7fPjHgoooMC4Agbtcb29mgIrIRDh48CdSwazR4CLhxhkynrk+XVPC/DQIWpo6jPOvmjyspJ221+KjHAicMIiQTvCzsAvS65zKvDwijpPCnBc0xhy/HnDcqLrBvh2juOyZgUUyF/AoJ3/HDoCBUYXiLPvPZ9XcuF3B3hA3wW1WZc95nKRsnE2PdWOs6fZxVPtHY42dUd4JvDCkutfGSj+nFvysx8FuErfc7Ps/hqWEz0uwF8uu0avr4AC6ytg0F7fuXfkCiwk0BQoF+p808kRbgd8JrW/NoE1tc827WpeitwtwC962hWydBnExtjHmps2LkO0bVhOdE6A6wxxXftUQAEFUgUM2qlStlNAgR0EqpZAAL19UzvCLsAlLejPCCUb6rQ4f+GmNS9FbvvUX0UIbrVbZUUf23eDXKOgXbfu2nXZC9/NdqCAAosKGLQXFfR8BdZUYIxvakf4T+DqLYhPDvDEFu0HaVqznvyLwM1KLvqSAM9IKSbC/YG/K2l7cJh9YrB466/2iXfKdabexnXZU58h61NAgULAoO19oIACnQWGDHQRbg58oWVxxwZ4U8tzem8e4YG024Vy27KSlEIi/AC46ta2m5fMDDkvKTUO3cZ12UML278CCvQlYNDuS9J+FFhDgSG/qd3iKyOb5W8c4CtTmIoIFwJ7p9TSZl15hcuFAfbZuNYqB+04e6HzogpX12Wn3HC2UUCB0QQM2qNReyEFVlNgiFAX4eXAkzqI7Rzgsg7nLXxKhN9h9sWVH/Hr7ej/NKHj0wMcmdCuWA9yCPDlkrZHhk3f5h5iTlLqG7pNnC0jKpYTVR2uyx56EuxfAQVaCRi0W3HZWAEFtgr0/U3tOHsye0EX6TZPhrv0X3bOPPwVuy7usUCf7wf+oOkb5KkBOrXdAvWOfmqcfUHkWzUX9nvZo8+KF1RAgSYBg3aTkD9XQIFagZpvan8nwLXb8nVcMrLtMmMH7YZlDG2HXrQvXmK8UYCvlfxC8z7g3mWdbh33qgXtCLcEzqgBPTHAc7uAe44CCigwpIBBe0hd+1ZgTQRqwvHdA3w4lSHC0cBbE9p/Cbjp1nZjBu0BQvbW4TwnwPPn6fshwGkVLrcN8LnNP1uloB3hcOCjNffEPwe4RcI9YxMFFFBgdAGD9ujkXlCB1ROI8EjgdRUj2z3Az5tG3bD5yNbTz6HkaflYQTvCFUkYU9OYE37+78ARwJlVbcvGvCpBO0LdLxgFyXsC3C/B0SYKKKDAUgQM2kth96IKrJ5A3ZKPlAC8yJKRueYvAuw2hmyElwJPG+NaDdfYNcClW9usQtCOULxIenLN+F8T4DETmANLUEABBSoFDNreHAoo0ItAwxPpp4TZl0RKjwiV649bFPepMPvyx+BHzaf7TgpwXGrwXbDQGwT417I+cg/aEZ4HPKfG588CvHhBP09XQAEFBhcwaA9O7AUUWB+BCHcD/qFixPsHOL8khDYtD0gFHG1XyDZBNsJe80/+pY4jpd0xoWYte5v6Ui42Zps4W4te3BNVx6MCvH7MmryWAgoo0FXAoN1VzvMUUKBUIM5ezLt12Q9Lvo5xfeCsnihH2xUywg+BK2+p+0dhtpnKDkeEv6J8iUPxhP/JHcb+1gDH1J2Xa9COs5cei5cfq457BfhgBzNPUUABBZYiYNBeCrsXVWC1BWrWW78uwB9vjL5hXfauwCUtpEbbFbJNkK1r22Wt9yLr3VPObeHda9OKX142X+MOAT7d60XtTAEFFBhYwKA9MLDdK7COAhEOAr5RMfZDA5wZ4W3AgyrabFt/3PIFydF2hYzwKuBxW2o/JcDjt46nYgzbd4NsGbZLX35MvObo3xlPvfcT5vmGob9/+Ugty3YKKKDAwgIG7YUJ7UABBcoEIpwEPLVC5wrALyt+tn39cUIA297FmE9rI9wW+OyW+m8X4B83/7c4e3r/mpJxHhDguxv/PTFsnxng0JS7rc0T95T+hmoTYZeEf7W4VoB/G6oG+1VAAQWGFDBoD6lr3wqsuUBNUC5eirx6Cc/nA9xmUwAtdkpMOuqCdoSbAA8Eio1uiu3Svxngx0kdVzSaf+P5XvMff6Ds5cQ2gTfCucA1a2p6ZIA3pNTc5rop/fXdJs7Wt78d+L2Gvq8S4Ed9X9/+FFBAgbEEDNpjSXsdBdZQIMLewIWpQ0/dSrysv83nzreFf0bHlw2L7i8rwvg8lH9/vhnPx8Nsi/TkoyLwnhvgtzZ30rAxy0+BN5YtS6kqZKpBO8JdgI8lAiZtdJTYl80UUECBpQgYtJfC7kUVWB+BhN39tmOUBO0vADdP1CrWTV9ujXTiuW2aFRvV/EVoeFEzwsHAV0s6vluAj2z89wi1X17psiRmSkE7QrFM6BUla9rrzEdbb99m4m2rgAIKtBUwaLcVs70CCrQWiHAesH/DiX8SZp/C235EOAp4R+sLjndCsRTlcQE+ufWSET4P3Grrf9/y5L1pjXLSy48l1y598t4ltHelnP+iUbjs06aPMWtsU5dtFVBAgS4CBu0uap6jgAKtBCLsXPPy47a+qgJWhO8B+7a64PIavwkodi38j5Snyg0ve1bu/Ng0vJRrN/XR9ecRngK8rMP5rwqzbdc9FFBAgZURMGivzFQ6EAWmLRDhlsAZVVXWBO3i76lizfQqHMcH+B/FQBq2na/d+bEJYuygHWE/4H1sepG1qcZNP38/8OAAP2lxjk0VUECBLAQM2llMk0UqsBoCcbYMpFgOUnbcJMCXy34Q4TrAtzoq/Dnw4s3bv0fYidkLiQeW/Cm+Ad5quUOLuu4a4GMN69Ybd35sut5YQTvC/YD/3VRPxc//IMA7O57raQoooEAWAgbtLKbJIhVYHYGG5RKvDfDoirD9WOCUBInLBeuEc2qbzF9YfNH8E4GLdld7fh9rlIcM2hF2Y/aZwaM7QJxVbLEe4N87nOspCiigQHYCBu3spsyCFchbIM6+i7xXwyh22NBlo22EbwPXrjl3vwAXDC0U4UjgpcD1er5Wp5cft9YwRNCOs81yPsfsXwPaHicGeG7bk2yvgAIK5C5g0M59Bq1fgcwEWuz2uH0986agXbteu4+nwW05I+wx3wGzjyD55DD7FN5CR19BO257R5XnAc/uUNCvik8zVi0H6tCfpyiggALZCRi0s5syC1Ygb4EIP2S2M2DqcbUAP9gUtus2jXllgCeldjxEuxa/SNRd/qEBTuta36JBO87Wrxff+i6+8d32eAtQ7GJ5SdsTba+AAgqsmoBBe9Vm1PEoMHGBjkH0UQFeXwwt4fzbBfjHZTBEuBJQ7OTY13HPAH/ftrO2QTvCFZl9FeaR8z9tL1m0v3eAD3Q50XMUUECBVRUwaK/qzDouBSYqULWRS2K5uwM/S2i7Z+g38NZeMsJN558uLHZBHOJo9ctDzS8j7wIOA67ZU5HFLzTFLwPb/8Whp37tRgEFFFgJAYP2Skyjg1AgH4EIJwAnjlDxEcA35sH85xv/G+DSvq4d4U+Av+zQ32eB+wBF8L1zi/N/O8DXNtpvehJdhOeNP32F6Lqynhjg5BZ121QBBRRYSwGD9lpOu4NWYHkC8xfs/ha4//KqWNqVi3XLxVdXNoJ/8XS+CP43Aoqn9VM+iq+5HBZmv7x4KKCAAgokCBi0E5BsooACwwhEuBmzr2zcZZgr2GsPAsWT6+JrKKuyO2cPJHahgAIKpAkYtNOcbKWAAgMLRNiV2RdDXjzwpew+TeAOAT6d1tRWCiiggAJlAgZt7wsFFJikgE+7B5+WYvOZz2z8CfCdwa/oBRRQQIE1EzBor9mEO1wFchSIcAvgzBxrn1DNRwY4fUL1WIoCCiiw8gIG7ZWfYgeowOoIxNkn+4pvVfd9nAf8RodOixcEiy+IXBc4pOT87zP7RnXxouPOHfrv85Tr+yJjn5z2pYACCjQLGLSbjWyhgAITEYhwPNDHVueLjmiH7eHj7EXBy/19OsSW8F0/KThELYsier4CCiiw6gIG7VWfYcenwAoJRLg98KklDuk2AT6/9foVG8ScG2ZbmQ9yRHgJcFxq5wbtVCnbKaCAAv0JGLT7s7QnBRQYWGD+De6qz8w9e/5t7kN7LqNYGnKPMPv+9eWOCAcDXy350d0CfKTnWnbobu7xdeD6TdcxaDcJ+XMFFFCgfwGDdv+m9qiAAgMK1Gwv/tUw2/hl+xHhQOAo4MHAzVuWtcPykKpzq7aUHzPYRngE8PqG8e0W4BctDWyugAIKKEzy28UAAA4iSURBVLCAgEF7ATxPVUCB8QVqgnZRzP4Bzq8JxcXLiVdrqLp0eUhNn7HsZ2MG7eL6EW5FybKWLbUdEOC748+aV1RAAQXWU8CgvZ7z7qgVyFagIWgXbyTW/r0WZxviPL0B4AoBftWEFGGv+ZbqW5smPQ1v6r/tzyNcFfhBw3n3CvDBtn3bXgEFFFCgvYBBu72ZZyigwBIFIpwLXLOmhJsG+P91JUa4J/CBhmFcI0Dx2b/KI8JfAY8pabC0ZRpNv4jMaz0hwPOWOI1eWgEFFFgLAYP2Wkyzg1RgdQQivBE4tm5ETU+1i3Pj7IsgTbsh1j79rQq1KdcfakYSg3Zx+U8GuONQddivAgoooEDDP7EKpIACCkxNIMJDgTc31HWfAO9rqj3CLsAlDe1eEuAZZW0qQu3pAY5suvZQP28RtDdKWNrT96EM7FcBBRSYioBPtKcyE9ahgAJJAonrkBvXam++WIR3zL9OUlXDeQGuseWcPwZeU3LCUl847BC0iyEsteakibeRAgookKGAQTvDSbNkBdZdIDFMHhfgpFSrxE/k7R3goqLPMXeDTB3DvK6yr6AcA5zW0I8vSbaBtq0CCiiQIGDQTkCyiQIKTEsgMWgXRe8e4Oep1Ue4CfClhva3DvBPy9gNMmUcFXUVG9qcTfOXVHxJMgXZNgoooECigEE7EcpmCigwHYEWQbvVEpL5E+GqT/ZtBnhpxfbng+8GWTcLEfYEfry1zeaXMyOcCjyspp8zwuyb3B4KKKCAAgsKGLQXBPR0BRQYXyDCD4ErJ175HQEelNh2e7MIZ6Vsbb6532V+bWT+S8Idiq+J1AXtebumnSQvDrBHWzPbK6CAAgrsKGDQ9o5QQIHsBCLcH/i7FoU/MLRrv63rCMcDz029zgSC9qOBVzcF7fnYmnaSfGSAN6SO3XYKKKCAApcXMGh7VyigQJYCbZaPzAe4X4AL2g42wuHARxPOOwe4ZYALE9oO0iTCK4EnpATtediu3Uly2b84DIJkpwoooMCIAgbtEbG9lAIK9CeQ+A3sHS7YNThGOBD4ZovqbxzgKy3a99I0wj8Ad0sN2vOwvVPVS5JdvXoZjJ0ooIACKyBg0F6BSXQICqyrQITbA59qMf5zw2xHyOQjwlWYf9Iv+aRfNxz1k3kRLgWu0CZoz8N26Zb0Bu0OM+4pCiigwCYBg7a3gwIKZC0Q4a3A0S0G8bQAL0tpv2DI3nyJZwd4Qco1u7aJcGfg4yXnnx3goLp+42yX4MtK2tw8wBe71uR5CiigwLoLGLTX/Q5w/AqsgECH9do3Cw3fy04I2R8C7tGS753AMWH25Lm3oyYoF9f43TBbUlJ7VBi+LMDTms715woooIAC5QIGbe8MBRTIXiDCNYFzOwzkn+bbqJ8W4OKN8xNC9kkBjivaR7gT8ImW1y4+HXhYXy9ORvgycEhZDanLPyqC9vkB9m85NpsroIACCswFDNreCgoosBICEZ4IvKKHwXwBuEVNP9tD9uY2Ea4LFOcWa7rbHAu9OFmzZKSoYZ/UMF8V1lODepsB21YBBRRYFwGD9rrMtONUYA0EOiwhaatSGrK3BO5id8b3M3vS3eZo/eJkw5KRZwV4UWoBEZ4B/M+t7Q3aqYK2U0ABBS4vYND2rlBAgZUR6PLJvxaDbwzZWwJ38ffrycDjW1yjaFqs4356gG83ndfHkpGNa0S4OvCfJdfcte815U3j8ucKKKDAqggYtFdlJh2HAgpsE+jwyb8UuVYhe2uHER4FvDblQhVtzpwH8LdtBPC+loxs+eUgllz/2ABvWqB2T1VAAQXWVsCgvbZT78AVWF2Bhk/+XQm4K/AY4D4JCv8rwGMT2jU26fjiZGO/Wxq0WjKycW6Eql0izwxwaNsibK+AAgooMPt2qocCCiiwcgIN67UPCnD2ppBZ7I5YbNqyOXz/CDg+zLY17/VY4MXJ1DqKXSk/DbwX+GKA79SdWBOyi9M+Ekp2m0wtxHYKKKDAOgsYtNd59h27AisskPDJvwcEePcyCSIUL05+ALjjkur4KfA16p9YPzzAG5dUn5dVQAEFshYwaGc9fRavgAINT2qPB55b0+aU0P5lxd7RI+wMfBK4Xe+dL9Zh8X3wu4byXSMX69mzFVBAgTUQMGivwSQ7RAXWWSDOPrV3rxqDnwTYa0pGEQ4Ejpr/Wdb66FcGeNKUXKxFAQUUyE3AoJ3bjFmvAgq0FohwNPDWhhP3DnBR685HOqHhKyN9V2HI7lvU/hRQYC0FDNprOe0OWoH1E4hww/l65LrB3zpAsS37pI6mjWmAt/f4BPy1AR49KQCLUUABBTIVMGhnOnGWrYAC7QUi7A5c3HDm4wOc0r734c5YdGOaCAcANwIOmf/Z+L+LlzE3juIrK88P8NLhRmLPCiigwHoJGLTXa74drQIKzDa1+SJw0xqMzwY4bApYQ2xMM4VxWYMCCiiwDgIG7XWYZceogAKXE4hwHPCSBpqPAsVnAH+4DMKmJSMBXrSMurymAgoooECagEE7zclWCiiwggItt2u/X4D3jMmw6JKRMWv1WgoooIAClxcwaHtXKKDAWgtE2Bf4XguEUZ5yu2SkxYzYVAEFFJiogEF7ohNjWQooMJ5AhGIL9l91uOIgT7ldMtJhJjxFAQUUmKCAQXuCk2JJCiiwHIEIpwIP63D1Xp9yu2Skwwx4igIKKDBBAYP2BCfFkhRQYHkC808AvhY4pmMVCz3ljvBQ4M0V194nwIUd6/I0BRRQQIGRBQzaI4N7OQUUyEcgwuFA8bS6y1H5lHse5u8O3G/+Z5+ECzzLr4wkKNlEAQUUmJCAQXtCk2EpCigwTYEennJ/DTh4kdEF8O/rRQA9VwEFFFiCgH9xLwHdSyqgQL4CCz7l7jpwl4x0lfM8BRRQYIkCBu0l4ntpBRTIV6CHp9ypg/+bAA9JbWw7BRRQQIHpCBi0pzMXVqKAApkKDPSUOwJvAY4N23aN91BAAQUUyE3AoJ3bjFmvAgpMVmDBp9zvBU4H3u2XRSY7xRamgAIKtBIwaLfisrECCiiQJlDxlPuseZguAvVnAlyW1putFFBAAQVyFDBo5zhr1qyAAgoooIACCigweQGD9uSnyAIVUEABBRRQQAEFchQwaOc4a9asgAIKKKCAAgooMHkBg/bkp8gCFVBAAQUUUEABBXIUMGjnOGvWrIACCiiggAIKKDB5AYP25KfIAhVQQAEFFFBAAQVyFDBo5zhr1qyAAgoooIACCigweQGD9uSnyAIVUEABBRRQQAEFchQwaOc4a9asgAIKKKCAAgooMHkBg/bkp8gCFVBAAQUUUEABBXIUMGjnOGvWrIACCiiggAIKKDB5AYP25KfIAhVQQAEFFFBAAQVyFDBo5zhr1qyAAgoooIACCigweQGD9uSnyAIVUEABBRRQQAEFchQwaOc4a9asgAIKKKCAAgooMHkBg/bkp8gCFVBAAQUUUEABBXIUMGjnOGvWrIACCiiggAIKKDB5AYP25KfIAhVQQAEFFFBAAQVyFDBo5zhr1qyAAgoooIACCigweQGD9uSnyAIVUEABBRRQQAEFchQwaOc4a9asgAIKKKCAAgooMHkBg/bkp8gCFVBAAQUUUEABBXIUMGjnOGvWrIACCiiggAIKKDB5AYP25KfIAhVQQAEFFFBAAQVyFDBo5zhr1qyAAgoooIACCigweQGD9uSnyAIVUEABBRRQQAEFchQwaOc4a9asgAIKKKCAAgooMHkBg/bkp8gCFVBAAQUUUEABBXIUMGjnOGvWrIACCiiggAIKKDB5AYP25KfIAhVQQAEFFFBAAQVyFDBo5zhr1qyAAgoooIACCigweQGD9uSnyAIVUEABBRRQQAEFchQwaOc4a9asgAIKKKCAAgooMHkBg/bkp8gCFVBAAQUUUEABBXIUMGjnOGvWrIACCiiggAIKKDB5AYP25KfIAhVQQAEFFFBAAQVyFDBo5zhr1qyAAgoooIACCigweQGD9uSnyAIVUEABBRRQQAEFchQwaOc4a9asgAIKKKCAAgooMHkBg/bkp8gCFVBAAQUUUEABBXIUMGjnOGvWrIACCiiggAIKKDB5AYP25KfIAhVQQAEFFFBAAQVyFDBo5zhr1qyAAgoooIACCigweQGD9uSnyAIVUEABBRRQQAEFchQwaOc4a9asgAIKKKCAAgooMHkBg/bkp8gCFVBAAQUUUEABBXIUMGjnOGvWrIACCiiggAIKKDB5AYP25KfIAhVQQAEFFFBAAQVyFDBo5zhr1qyAAgoooIACCigweQGD9uSnyAIVUEABBRRQQAEFchQwaOc4a9asgAIKKKCAAgooMHkBg/bkp8gCFVBAAQUUUEABBXIUMGjnOGvWrIACCiiggAIKKDB5AYP25KfIAhVQQAEFFFBAAQVyFDBo5zhr1qyAAgoooIACCigweQGD9uSnyAIVUEABBRRQQAEFchQwaOc4a9asgAIKKKCAAgooMHkBg/bkp8gCFVBAAQUUUEABBXIUMGjnOGvWrIACCiiggAIKKDB5AYP25KfIAhVQQAEFFFBAAQVyFDBo5zhr1qyAAgoooIACCigweQGD9uSnyAIVUEABBRRQQAEFchQwaOc4a9asgAIKKKCAAgooMHkBg/bkp8gCFVBAAQUUUEABBXIUMGjnOGvWrIACCiiggAIKKDB5AYP25KfIAhVQQAEFFFBAAQVyFDBo5zhr1qyAAgoooIACCigweQGD9uSnyAIVUEABBRRQQAEFchQwaOc4a9asgAIKKKCAAgooMHkBg/bkp8gCFVBAAQUUUEABBXIUMGjnOGvWrIACCiiggAIKKDB5gf8CZupzhwk9HsUAAAAASUVORK5CYII=');
INSERT INTO Post (id, userId, longitude, latitude, regionId, title, content, upVotes, downVotes, image) VALUES (6, 2, 0, 0, 3, 'Elon musk makes new planet', 'The legend that is Elon musk gives up making a rocket and instead makes a new planet that is closer than mars. Doing so means he has resolved the issues previously experience with long distance rocket travel', 3, 4, '');
INSERT INTO Post (id, userId, longitude, latitude, regionId, title, content, upVotes, downVotes, image) VALUES (7, 1, 0, 0, 3, 'The world is actually flat', 'The so-called california company has been found to contract all there jobs out to India. Programmers are reported to be turning up to work just to play Ping-Pong while their indian counter parts perform the work. The real Steve Ive is actually Hukbar Punar from central India.', 3, 4, '');
INSERT INTO Post (id, userId, longitude, latitude, regionId, title, content, upVotes, downVotes, image) VALUES (8, 2, 0, 0, 3, 'Bristol announced best university in the world', 'The so-called california company has been found to contract all there jobs out to India. Programmers are reported to be turning up to work just to play Ping-Pong while their indian counter parts perform the work. The real Steve Ive is actually Hukbar Punar from central India.', 3, 4, '');
INSERT INTO Post (id, userId, longitude, latitude, regionId, title, content, upVotes, downVotes, image) VALUES (9, 2, 0, 0, 4, 'Bristol Stock Exchange replaced by dogs', 'Since computers now control the stock market, the london stock market has been replaced by servers with dogs guarding them from competition. The only purposes now of the bankers is to feed the dogs.', 0, 1, '');
--------------------------------------------------------------------------------
-- Down
--------------------------------------------------------------------------------

DROP INDEX Post_ix_regionId;
DROP INDEX Post_ix_userId;
DROP INDEX Region_ix_parentRegionId;
DROP TABLE Upvote;
DROP TABLE Post;
DROP TABLE Region;
DROP TABLE User;
